"","id","satisfaction","education","age","gender","car","phone","fax","pc","pincome","savings1","savings2","creditcard1","creditcard2","atmcard1","atmcard2","cd1","cd2","specialchecking1","specialchecking2","auto.bill.payment1","auto.bill.payment2","personal.loans1","personal.loans2","mortgage1","mortgage2","installment.loan1","installment.loan2","investment.fund1","investment.fund2","commodities.fund1","commodities.fund2","annuities.fund1","annuities.fund2","car.insurance1","car.insurance2","home.insurance1","home.insurance2","life.insurance1","life.insurance2"
"916",3677,3,5,55,"Female",0,1,0,0, 400,1,0,0,0,0,1,0,0,0,1,0,1,0,0,1,0,0,0,0,0,0,1,0,0,0,0,0,0,0,0
"915",3674,3,4,45,"Male",1,1,0,0,2500,0,0,1,0,1,1,0,0,1,0,0,0,0,1,0,0,0,0,0,0,0,0,0,0,1,0,1,0,1,0
"280",1181,4,5,55,"Male",1,1,0,1, 850,1,1,0,0,1,1,0,0,1,1,0,0,0,0,0,0,0,0,1,1,0,0,0,0,0,0,0,0,1,1
"787",3131,1,4,55,"Female",1,1,0,0, 550,1,0,1,0,1,1,0,1,1,1,1,0,0,0,0,0,0,0,0,0,1,1,0,0,1,0,0,0,0,0
"1133",4526,4,2,55,"Male",1,1,0,0, 400,0,0,0,0,0,1,0,1,0,1,0,1,0,1,0,0,0,0,0,0,0,0,0,0,0,0,0,0,0,1
"671",2635,4,5,45,"Male",1,1,0,0, 850,1,1,0,0,1,1,1,1,1,1,0,0,1,1,1,1,0,0,1,1,1,1,0,0,1,1,1,1,0,0
"815",3232,3,4,25,"Female",1,1,0,0,1750,0,0,1,0,0,1,0,1,0,1,0,0,0,0,0,0,0,0,0,1,0,0,0,0,0,0,0,0,0,0
"1115",4436,4,5,35,"Male",1,1,1,1, 850,0,0,1,0,1,1,0,0,1,1,0,1,0,0,0,0,0,0,1,1,1,0,0,0,0,0,0,0,1,0
"14",  65,4,5,55,"Male",1,1,0,0, 850,1,1,1,1,0,0,0,0,1,1,0,0,0,0,1,0,0,0,0,0,0,0,0,0,0,0,1,0,1,1
"475",1885,3,5,45,"Female",1,1,0,0,2500,1,1,0,0,1,1,1,1,1,1,1,0,0,0,0,0,0,0,1,1,0,0,0,0,1,1,0,0,1,1
"428",1741,1,5,45,"Female",1,1,1,1,1250,1,0,1,0,1,1,0,0,1,1,1,0,1,0,0,0,0,0,1,1,1,0,0,0,1,1,0,0,1,0
"121", 536,2,5,45,"Male",1,1,1,1, 550,1,1,1,0,1,1,0,0,1,1,1,0,1,1,0,0,0,0,1,1,0,0,1,0,0,0,0,0,1,1
"1307",5280,4,4,35,"Female",0,1,0,0,4000,1,0,1,0,1,1,0,0,0,0,0,0,0,0,0,0,0,0,1,0,0,0,0,0,0,0,0,0,0,0
"1234",4962,3,4,45,"Female",0,1,0,0,4000,0,0,0,0,0,0,0,0,0,0,0,0,0,1,0,0,0,0,0,0,0,0,0,0,0,0,0,0,0,0
"175", 735,4,5,55,"Female",1,1,0,0, 850,1,1,1,0,1,1,0,0,1,1,0,0,0,0,0,0,0,0,0,0,0,0,0,0,0,0,0,0,1,1
"188", 792,3,5,55,"Female",1,1,0,0, 400,1,1,1,0,1,1,0,0,1,1,0,0,0,0,0,0,0,0,1,1,0,0,0,0,0,0,0,0,1,1
"940",3772,3,5,35,"Female",1,1,0,1,1250,1,1,0,0,1,1,0,0,1,1,0,1,0,0,0,0,0,0,0,1,0,0,0,0,0,0,0,0,0,0
"1195",4801,4,1,65,"Male",0,0,0,0,4000,0,0,0,0,0,0,0,1,0,0,0,0,0,0,0,0,0,0,0,0,0,0,1,0,0,0,0,0,0,0
"446",1802,1,5,35,"Male",1,1,0,1, 550,1,0,0,0,1,1,0,0,1,1,1,0,0,0,1,0,1,0,1,0,0,0,0,0,1,0,0,0,0,0
"1287",5194,4,2,25,"Male",1,1,0,0,4000,1,0,0,0,1,1,0,0,0,0,0,0,0,0,0,0,0,0,0,0,0,0,0,0,0,0,0,0,0,0
"1026",4089,4,1,25,"Male",0,0,0,0,4000,1,0,0,0,0,1,0,0,0,0,0,0,0,0,0,0,0,0,0,0,0,0,0,0,0,0,0,0,0,0
"420",1715,4,5,45,"Male",1,1,0,1,1250,1,0,1,1,1,1,1,1,1,1,1,0,0,0,0,0,0,0,1,1,1,0,0,0,1,1,1,1,0,0
"1177",4730,4,5,65,"Female",1,1,0,0, 850,1,0,0,1,0,0,0,0,0,1,0,1,0,0,0,0,0,0,0,1,0,0,0,0,0,0,0,0,0,0
"1035",4122,1,5,35,"Female",1,1,0,0,2500,1,1,1,0,1,1,0,0,1,1,1,0,0,0,0,0,0,0,0,0,1,0,0,0,1,0,1,0,1,0
"314",1294,2,4,35,"Male",1,1,0,0, 550,0,0,0,0,1,1,1,1,1,1,1,0,0,0,0,0,0,0,1,1,0,0,1,0,0,0,1,1,1,1
"331",1353,2,4,55,"Male",1,1,0,1,5000,1,0,0,0,1,0,1,1,0,0,1,0,0,0,0,0,0,0,0,0,1,1,0,0,0,0,1,0,1,1
"841",3336,3,4,35,"Male",1,1,0,0,2500,1,1,1,0,1,1,0,0,1,0,0,0,0,0,0,0,0,0,0,0,0,0,0,0,0,0,0,0,1,1
"1006",4024,4,5,25,"Female",1,1,0,0, 400,1,1,0,0,1,1,0,0,1,1,1,1,0,0,0,0,0,0,0,0,0,0,0,0,0,0,0,0,0,0
"869",3453,4,3,55,"Male",1,1,0,0, 400,0,1,0,0,0,1,0,0,0,1,0,1,0,0,0,0,0,0,0,0,0,0,0,0,0,0,0,0,0,0
"1172",4719,4,2,65,"Male",1,1,0,0, 550,0,1,0,0,0,1,0,0,0,1,0,1,0,0,0,0,0,0,0,0,0,0,0,0,0,0,0,0,0,1
"174", 733,4,4,55,"Male",1,1,0,0, 850,0,0,0,0,1,1,1,1,1,0,1,0,0,0,0,0,0,0,0,0,0,0,0,0,0,0,0,0,0,0
"194", 812,3,5,45,"Male",1,1,0,1, 850,1,1,0,0,1,1,0,0,1,1,1,0,0,0,1,0,0,0,1,1,0,0,0,0,0,0,0,0,0,0
"980",3915,3,5,35,"Female",1,1,0,0,2500,0,1,1,0,0,1,0,0,0,1,0,0,0,0,0,0,0,0,0,0,0,0,0,0,0,1,0,0,0,1
"481",1898,4,5,55,"Male",1,1,0,0, 850,1,1,1,1,0,0,0,0,1,1,0,0,0,0,0,0,0,0,1,1,0,0,0,0,1,1,0,0,0,0
"772",3058,3,4,35,"Male",0,0,0,0,4000,0,0,0,0,0,1,0,0,0,0,0,1,0,1,0,1,0,1,0,1,0,0,0,0,0,0,0,0,0,0
"266",1118,2,5,35,"Male",1,1,0,0, 850,1,0,1,0,1,1,0,0,1,1,0,0,0,0,0,0,0,0,1,1,1,1,0,0,0,0,0,0,0,0
"673",2645,4,3,45,"Male",0,1,0,1, 850,0,0,0,0,1,1,0,0,0,0,0,0,1,1,0,0,0,0,0,0,0,0,0,0,0,0,0,0,1,1
"15",  67,3,5,45,"Female",1,1,0,0, 550,0,0,0,0,1,1,0,0,1,1,0,0,0,0,0,0,0,0,0,0,0,0,0,0,0,0,0,0,0,0
"25", 129,2,5,55,"Male",1,1,0,1,5000,0,0,1,0,1,1,0,0,1,1,1,0,0,0,0,0,0,0,0,0,1,1,0,0,0,0,0,0,1,1
"929",3729,1,5,35,"Female",1,1,0,1, 400,0,0,0,0,1,1,0,0,1,0,1,0,0,0,0,0,0,0,1,0,1,0,0,0,1,0,0,0,0,0
"52", 224,4,5,55,"Male",1,1,1,1,5000,1,1,1,1,0,0,1,1,1,1,1,0,0,0,0,0,0,0,1,1,1,1,1,1,0,0,0,0,0,0
"581",2295,4,5,65,"Male",1,1,0,1,5000,0,0,1,1,1,1,0,0,1,1,1,0,0,0,0,0,0,0,0,0,1,1,0,0,0,0,0,0,1,1
"982",3924,1,5,25,"Male",1,1,1,0, 850,1,0,1,0,1,1,0,0,1,1,1,0,1,0,0,0,0,0,1,0,0,0,0,0,0,0,0,0,1,0
"1198",4811,4,5,35,"Male",1,1,0,0, 400,0,0,0,0,0,0,0,0,0,1,0,1,0,1,0,0,0,0,0,1,0,0,0,0,0,0,0,0,0,1
"1183",4758,2,4,45,"Male",0,0,0,0, 550,1,0,1,0,1,0,0,0,1,0,1,0,0,0,0,0,0,0,0,0,0,0,0,0,0,0,0,0,1,0
"715",2797,4,2,55,"Male",1,1,0,1,2500,1,1,0,0,1,1,0,0,0,1,0,0,0,0,0,0,0,0,0,0,0,0,0,0,1,0,0,0,1,0
"48", 216,4,4,35,"Male",1,1,0,0, 400,1,0,1,0,1,1,1,1,1,0,0,0,0,0,0,0,0,0,1,0,0,0,0,0,0,0,0,0,0,0
"688",2687,4,3,65,"Male",0,1,0,0,2500,0,0,0,0,1,1,1,1,1,1,0,0,0,0,0,0,0,0,1,1,0,0,0,0,0,0,0,0,0,0
"836",3324,3,5,65,"Male",1,1,0,0, 400,1,0,0,0,1,1,0,0,0,0,1,0,0,0,0,0,0,0,0,1,0,0,0,0,0,1,0,0,0,0
"1242",4997,4,2,35,"Female",0,0,0,0,4000,0,0,0,0,0,1,0,0,0,0,0,0,0,0,0,0,0,0,0,0,0,0,0,0,0,0,0,0,0,0
"322",1327,3,5,45,"Female",1,1,0,1,2500,0,0,0,0,1,1,1,1,1,1,1,0,0,0,0,0,0,0,1,1,0,0,0,0,0,0,0,0,0,0
"85", 359,3,5,45,"Female",1,1,0,1, 400,1,1,0,0,1,1,0,0,0,0,0,0,0,0,0,0,0,0,1,1,1,1,0,0,0,0,0,0,0,0
"703",2746,4,4,65,"Male",1,1,1,1,5000,1,1,1,1,1,0,1,1,1,1,1,0,0,0,0,0,0,0,0,0,0,0,0,0,0,0,0,0,0,0
"621",2458,3,5,55,"Male",1,1,0,0,1250,1,1,1,0,1,1,1,1,1,0,0,0,0,0,0,0,0,0,0,0,1,0,0,0,0,0,0,0,0,0
"1288",5200,4,5,45,"Female",1,1,0,1,2500,0,1,1,0,1,1,0,0,0,0,1,0,0,0,0,0,0,0,0,0,0,0,0,0,1,0,0,0,0,0
"441",1790,3,5,65,"Female",1,1,0,0, 550,1,1,0,0,0,0,0,0,1,1,0,0,0,0,0,0,0,0,0,0,0,0,0,0,0,0,0,0,0,0
"602",2395,1,5,35,"Male",1,0,0,1, 400,1,0,1,0,1,1,0,0,1,0,1,0,1,0,1,0,1,0,1,0,1,0,1,0,1,0,1,0,1,0
"756",2999,3,4,45,"Female",1,1,0,0,2500,0,1,0,1,1,1,0,0,0,0,0,0,0,0,0,0,0,0,0,0,0,0,0,0,0,0,0,0,0,0
"867",3444,1,5,25,"Male",0,0,0,0, 400,0,0,0,0,1,1,0,0,0,0,0,0,0,0,0,0,0,0,0,0,0,0,0,0,0,0,0,0,0,0
"635",2500,4,3,55,"Male",1,1,0,0, 400,1,1,0,0,1,1,1,1,1,1,0,0,0,0,0,0,0,0,0,0,1,1,0,0,0,0,0,0,0,0
"1029",4103,3,5,45,"Male",1,1,0,1, 400,1,1,0,0,1,1,0,0,1,1,0,0,0,0,0,0,0,0,0,0,0,0,0,0,0,0,0,0,1,0
"265",1109,4,4,45,"Male",1,1,0,0, 400,0,0,0,0,0,0,1,1,0,0,0,0,0,0,0,0,0,0,0,0,0,0,1,1,0,0,0,0,0,0
"1353",5446,4,2,65,"Male",1,1,0,0,1250,0,1,0,0,0,1,0,0,0,1,0,0,0,0,0,0,0,0,0,1,0,0,0,0,0,0,0,0,0,0
"465",1850,4,5,55,"Male",1,1,0,0, 850,1,0,0,0,1,1,1,1,1,1,1,0,0,0,0,0,0,0,0,0,0,0,1,1,1,1,1,1,1,1
"704",2752,3,5,35,"Female",1,0,0,0,1750,1,1,0,0,1,1,0,0,0,1,0,0,0,0,0,0,0,0,0,0,0,0,0,0,0,0,0,0,0,0
"1282",5180,4,4,25,"Male",1,1,0,0,1750,1,1,0,0,0,1,0,0,0,0,0,0,0,0,0,0,0,0,0,0,0,0,0,0,0,0,0,0,0,1
"498",1961,4,5,55,"Male",1,1,0,1, 550,1,1,0,0,1,1,1,1,1,1,1,0,0,0,0,0,0,0,0,0,0,0,0,0,0,0,1,1,1,1
"4",  11,1,5,55,"Male",1,1,1,1,5000,1,0,0,0,1,0,1,0,1,0,0,0,0,0,0,0,0,0,1,0,1,0,1,0,0,0,0,0,0,0
"425",1730,4,2,55,"Male",1,1,0,0,1750,1,1,1,0,1,0,1,1,1,1,1,0,0,0,1,0,0,0,1,1,1,0,1,1,0,0,0,0,0,0
"1128",4508,3,5,35,"Female",1,1,0,0,2500,1,1,0,0,1,1,0,0,0,1,0,0,0,0,0,0,0,0,0,0,1,1,0,0,0,0,0,0,0,0
"228", 975,4,5,45,"Male",1,1,0,1,1250,1,1,0,0,1,1,1,1,1,1,1,0,0,0,0,0,0,0,1,1,0,0,0,0,0,0,0,0,0,0
"534",2078,3,4,55,"Male",1,1,0,0, 850,1,1,0,0,1,0,1,0,1,0,1,0,1,0,0,0,0,0,1,0,1,0,1,0,1,0,1,0,1,0
"870",3455,4,5,45,"Male",1,1,1,1,5000,1,1,1,1,1,1,1,0,1,1,0,1,1,0,1,0,0,0,1,0,0,0,0,0,1,0,0,0,0,1
"39", 183,4,5,45,"Male",1,1,0,0,1250,0,0,1,0,1,1,0,0,0,0,1,0,0,0,0,0,0,0,1,1,1,1,0,0,0,0,1,1,0,0
"1047",4171,4,2,65,"Female",1,1,0,0,1750,1,1,0,0,0,1,0,1,0,0,0,0,0,0,0,0,0,0,0,1,0,0,0,0,0,0,0,0,0,0
"323",1328,3,2,65,"Male",1,1,0,0,2500,1,1,1,1,0,0,0,0,1,1,1,0,0,0,0,0,0,0,0,0,0,0,0,0,1,1,0,0,0,0
"181", 746,1,5,45,"Male",1,1,1,1,1250,1,0,0,0,1,1,0,0,1,0,0,0,0,0,0,0,0,0,0,0,0,0,0,0,0,0,0,0,0,0
"978",3913,3,5,25,"Female",1,1,0,0,1750,1,1,1,1,1,1,0,0,0,1,0,0,0,0,0,0,0,0,0,0,0,0,0,0,0,0,0,0,0,1
"1263",5092,4,3,65,"Male",1,1,0,0,1750,1,1,1,0,0,1,0,0,1,0,0,0,0,0,0,0,0,0,0,0,0,0,0,0,0,0,0,0,0,0
"159", 674,4,5,55,"Female",1,1,0,1, 400,1,1,0,0,1,1,0,0,1,1,1,0,0,0,0,0,0,0,1,1,0,0,0,0,0,0,0,0,0,0
"12",  56,4,5,65,"Male",0,1,0,1, 850,1,1,0,0,1,1,1,1,0,0,1,0,0,0,0,0,0,0,1,1,1,1,1,1,0,0,0,0,0,0
"156", 662,3,5,35,"Male",1,1,0,1, 850,1,1,1,0,1,1,1,1,1,1,1,0,0,0,0,0,0,0,1,1,1,1,0,0,0,0,0,0,0,0
"208", 889,1,5,45,"Male",1,1,1,1,5000,1,0,1,0,1,0,1,0,1,0,1,0,0,0,0,0,0,0,1,0,1,0,1,0,0,0,0,0,0,0
"780",3090,2,5,55,"Female",1,1,0,0,1750,0,0,0,0,1,1,0,0,0,0,0,0,0,0,0,0,0,0,0,0,0,0,0,0,0,0,0,0,0,0
"229", 977,4,5,55,"Male",1,1,0,1,5000,1,1,0,0,0,0,1,1,1,1,1,0,0,0,0,0,0,0,1,1,1,1,1,1,0,0,0,0,1,0
"1221",4908,4,4,35,"Male",0,0,0,0,4000,0,0,1,0,0,1,0,0,0,0,0,0,0,0,0,0,0,0,0,0,0,0,0,0,0,0,0,0,0,0
"46", 207,3,5,45,"Female",1,1,0,0, 400,1,1,1,1,1,0,0,0,1,1,1,0,0,0,0,0,0,0,1,1,1,1,0,0,0,0,0,0,1,1
"670",2634,4,5,45,"Male",1,1,0,0, 550,1,1,1,1,1,1,0,0,1,1,1,0,0,0,0,0,0,0,1,1,0,0,0,0,1,1,0,0,1,1
"917",3679,3,5,45,"Female",1,1,0,0, 400,1,0,0,0,1,1,0,0,0,0,0,1,0,0,0,0,0,0,0,0,0,0,0,0,0,0,0,0,0,0
"706",2758,1,4,25,"Male",1,1,0,0,2500,0,1,1,0,0,1,0,0,0,1,0,0,0,0,0,0,0,0,0,0,0,0,0,0,1,0,0,0,0,0
"132", 562,4,5,55,"Male",1,1,1,1, 850,1,0,1,1,1,1,1,1,1,1,1,0,0,0,0,0,0,0,1,1,1,1,0,0,0,0,0,0,0,0
"921",3701,4,2,65,"Male",0,0,0,0,4000,0,0,0,0,0,1,0,0,0,0,0,0,0,0,0,0,0,0,0,0,0,0,0,0,0,0,0,0,0,0
"1315",5313,4,2,65,"Female",0,1,0,0,1750,1,1,0,0,1,1,0,0,0,1,0,0,0,0,0,0,0,0,0,0,0,0,0,0,0,0,0,0,0,0
"630",2489,4,5,35,"Female",1,1,0,0, 400,1,1,1,0,1,1,0,0,1,1,0,0,0,0,1,0,0,0,1,1,0,0,0,0,0,0,0,0,0,0
"344",1390,4,5,65,"Male",1,1,1,0,5000,1,1,1,1,1,1,1,1,1,1,1,0,0,0,0,0,0,0,1,1,0,0,0,0,1,0,0,0,0,0
"36", 166,3,5,65,"Male",1,1,0,0,5000,1,0,0,0,1,1,1,1,1,1,1,0,0,0,0,0,0,0,1,1,1,0,0,0,0,0,0,0,0,0
"888",3531,3,5,55,"Male",1,1,1,0, 850,1,1,1,1,1,1,1,1,1,0,1,1,0,0,0,0,0,0,1,1,0,0,1,1,0,0,0,0,0,0
"776",3073,3,3,45,"Female",1,0,0,0,4000,0,1,0,0,0,1,0,0,0,0,0,0,0,0,0,0,0,0,0,0,0,0,0,0,0,0,0,0,0,1
"1108",4409,4,5,35,"Male",0,0,0,0,1750,0,0,0,0,0,0,0,0,0,0,0,0,0,0,0,0,0,0,0,0,0,0,0,0,0,0,0,0,0,0
"97", 408,1,5,45,"Male",1,1,0,1, 850,0,0,1,1,1,1,0,0,1,1,1,0,0,0,0,0,0,0,1,1,0,0,0,0,1,1,1,1,1,1
"993",3959,3,4,25,"Male",1,1,0,0,1750,0,0,0,0,0,1,0,1,0,0,0,0,0,0,0,0,0,0,0,0,0,0,0,0,0,0,0,0,1,0
"760",3014,1,5,65,"Female",1,1,0,0,4000,0,1,0,0,0,1,0,0,0,0,0,0,0,0,0,0,0,0,0,0,0,0,0,0,0,0,0,0,0,0
"1349",5440,4,4,20,"Male",1,1,0,1,4000,0,1,1,0,1,1,0,1,0,0,1,0,0,0,0,0,0,0,0,0,0,0,0,1,0,0,0,0,0,0
"202", 858,4,5,65,"Male",1,1,0,1,2500,1,1,0,0,1,1,1,1,1,1,1,0,0,0,0,0,0,0,0,0,1,1,1,1,0,0,0,0,0,0
"647",2550,4,3,55,"Male",1,0,0,0,1250,1,1,1,0,0,0,0,0,1,1,0,0,0,0,0,0,0,0,0,0,0,0,0,0,0,0,0,0,0,0
"527",2058,4,5,35,"Female",1,1,0,1, 550,1,1,0,0,1,1,1,1,1,1,0,0,0,0,0,0,0,0,0,0,0,0,0,0,0,0,0,0,0,0
"1106",4405,4,3,65,"Female",1,1,0,0,1750,1,1,0,0,0,0,0,0,0,0,0,1,0,0,0,0,0,0,0,1,0,0,0,0,0,0,0,0,0,0
"23", 116,4,5,45,"Male",1,1,1,1,1250,0,0,1,1,1,1,0,0,1,1,1,0,0,0,0,0,0,0,1,1,1,1,0,0,0,0,0,0,0,0
"813",3213,1,4,35,"Female",1,1,0,0,4000,1,0,0,0,1,1,0,0,1,0,1,0,1,0,1,0,1,0,1,0,0,0,0,0,1,0,0,0,0,0
"728",2872,2,2,45,"Male",0,0,0,0,1750,0,1,0,0,0,1,0,0,0,0,0,0,0,0,0,0,0,0,0,0,0,0,0,0,0,0,0,0,0,0
"165", 702,1,5,45,"Female",1,1,0,1, 850,1,1,1,0,1,1,1,0,1,1,0,0,0,0,0,0,0,0,1,1,0,0,0,0,0,0,0,0,0,0
"1038",4143,1,5,45,"Female",1,1,1,1,4000,1,1,0,0,1,1,0,0,0,0,1,0,1,0,0,0,0,0,1,0,0,0,1,0,1,0,1,0,1,0
"109", 490,1,5,55,"Male",1,1,0,1,1250,0,0,0,0,1,1,1,1,1,1,1,0,0,0,0,0,0,0,1,1,0,0,1,0,0,0,0,0,0,0
"561",2215,4,4,65,"Male",1,1,0,0,1250,1,0,0,0,1,1,1,1,1,1,1,0,0,0,0,0,0,0,1,1,0,0,1,1,0,0,0,0,0,0
"136", 574,4,3,45,"Male",1,1,0,0,2500,0,0,0,0,1,1,0,0,1,1,0,0,0,0,0,0,0,0,1,1,0,0,0,0,0,0,0,0,0,0
"757",3007,3,1,55,"Female",1,0,0,0,4000,1,1,0,0,0,0,0,0,0,0,0,0,0,0,0,0,0,0,0,0,0,0,0,0,0,0,0,0,0,0
"1088",4324,3,5,35,"Male",1,1,0,0, 550,1,0,1,0,0,0,1,0,1,1,1,0,0,0,0,0,0,0,0,0,0,0,0,0,0,0,0,0,0,0
"702",2742,4,5,45,"Female",1,1,1,1, 850,1,1,0,0,1,1,1,1,1,1,0,0,0,0,0,0,0,0,1,1,1,1,1,1,0,0,0,0,0,0
"1233",4956,1,5,25,"Male",0,0,0,0,1750,0,0,1,0,0,1,0,0,0,0,0,0,0,0,0,0,0,0,0,0,0,0,0,0,0,0,0,0,0,0
"919",3684,1,3,45,"Female",1,1,0,0,4000,0,0,0,0,0,1,0,0,0,0,0,0,0,0,0,0,0,0,0,0,0,0,0,0,0,0,0,0,0,0
"558",2188,2,4,45,"Male",1,1,0,0,5000,1,0,1,0,1,0,1,0,1,0,1,0,0,0,0,0,0,0,1,0,1,0,1,0,0,0,0,0,1,0
"1305",5275,2,5,45,"Female",1,1,0,0,2500,0,0,1,0,1,0,0,0,1,0,0,0,0,0,0,0,0,0,1,0,1,0,0,0,0,0,0,0,0,1
"1248",5016,3,5,45,"Male",1,1,0,1,5000,1,0,1,0,1,1,1,0,1,1,1,1,0,0,0,0,0,0,0,0,1,1,0,0,0,0,0,0,0,0
"848",3368,4,5,25,"Female",1,0,0,0,4000,1,1,1,1,1,1,1,1,1,1,1,1,1,1,1,0,1,0,0,0,0,0,0,0,0,0,0,0,1,1
"269",1129,4,5,35,"Male",1,1,0,0, 550,1,1,0,0,1,1,0,0,1,1,1,0,0,0,0,0,0,0,0,0,0,0,0,0,0,0,0,0,1,1
"821",3257,2,3,45,"Female",0,0,0,0,1750,0,0,0,0,0,1,0,0,0,0,0,1,0,0,0,0,0,0,0,0,0,0,0,0,0,0,0,0,0,1
"327",1340,3,5,45,"Male",1,1,1,1,5000,1,1,1,1,1,1,1,1,1,1,0,0,0,0,1,0,0,0,1,1,0,0,1,0,1,0,1,0,1,0
"603",2397,2,5,35,"Male",1,1,0,0,5000,1,1,0,0,1,1,1,1,1,1,1,0,0,0,0,0,0,0,1,1,0,0,0,0,0,0,0,0,0,0
"762",3022,2,5,55,"Male",1,1,1,1,1250,1,0,1,0,1,1,1,0,1,0,1,0,0,0,0,0,0,0,1,0,1,0,1,0,1,0,1,0,1,0
"913",3672,4,2,65,"Male",1,1,0,0,2500,0,0,0,0,0,1,0,0,0,0,0,0,0,1,0,0,0,0,0,0,0,0,0,0,0,0,0,0,0,0
"536",2087,4,5,45,"Male",1,1,1,1,1250,1,0,1,0,1,1,0,0,1,1,1,0,0,0,0,0,0,0,1,1,1,1,0,0,1,0,1,0,0,0
"153", 643,4,5,45,"Male",1,1,0,1,1250,1,1,1,0,1,1,0,0,1,1,1,0,0,0,0,0,0,0,0,0,1,1,1,1,0,0,0,0,0,0
"61", 266,2,5,65,"Male",1,1,0,0,5000,1,1,0,0,1,1,1,1,1,1,1,0,0,0,0,0,0,0,0,0,1,1,0,0,0,0,0,0,0,0
"991",3952,4,5,25,"Female",1,1,0,0,2500,0,1,0,0,1,1,0,0,1,0,0,0,0,0,0,0,0,0,0,1,0,0,0,0,0,0,0,0,1,0
"990",3950,4,3,35,"Female",0,1,0,0,4000,0,1,0,0,0,1,0,0,0,0,0,0,0,0,0,0,0,0,0,0,0,0,0,0,0,0,0,0,0,0
"29", 138,3,5,45,"Male",1,1,1,1,5000,1,1,1,1,1,1,1,1,1,1,1,0,0,0,0,0,0,0,1,1,1,1,1,1,0,0,0,0,0,0
"308",1263,4,3,45,"Male",1,1,0,1,1250,1,1,0,0,1,1,0,0,1,1,0,0,1,1,0,0,1,1,0,0,0,0,1,1,1,1,1,1,1,1
"616",2446,3,4,25,"Male",1,1,0,0,2500,1,1,0,0,1,1,0,0,1,0,0,0,0,0,0,0,0,0,0,0,0,0,0,0,0,0,0,0,1,1
"1116",4443,2,4,25,"Male",1,1,0,0,1750,0,1,0,0,0,1,0,0,0,0,0,0,0,0,0,0,0,0,0,0,0,0,0,0,0,0,0,0,0,0
"1059",4209,3,5,25,"Female",1,1,0,0, 400,1,1,0,0,1,1,0,0,1,1,0,0,0,0,0,0,0,0,0,0,0,0,0,0,0,0,0,0,0,0
"773",3065,4,5,65,"Male",1,1,0,1,5000,0,1,0,1,0,0,0,1,0,1,0,1,0,0,0,0,0,0,0,0,0,1,0,0,0,0,0,1,0,0
"399",1640,4,5,35,"Female",0,1,0,0,1750,1,0,0,0,1,0,0,0,0,0,0,0,0,0,0,0,0,0,0,0,0,0,0,0,0,0,0,0,0,0
"226", 970,1,4,45,"Female",1,1,0,1,2500,1,1,0,0,1,0,0,0,0,0,0,0,0,0,0,0,0,0,0,0,0,0,0,0,0,0,0,0,0,0
"1289",5204,4,4,35,"Male",0,1,0,0, 850,0,1,1,1,1,1,1,1,0,1,0,0,0,0,0,0,0,0,0,0,0,0,0,0,0,0,0,0,0,0
"816",3233,4,4,35,"Female",0,1,0,0,4000,1,0,0,0,1,1,0,0,0,0,0,0,0,0,0,0,0,0,0,0,0,0,0,0,0,0,0,0,0,0
"713",2791,4,1,65,"Male",1,0,0,0,1750,0,1,0,0,0,1,0,0,0,0,0,0,0,0,0,0,0,0,0,0,0,0,0,0,0,0,0,0,0,0
"477",1887,3,1,45,"Male",1,1,0,0,4000,1,1,0,0,1,1,1,1,1,1,1,0,0,0,0,0,0,0,0,0,0,0,0,0,0,0,0,0,0,0
"316",1311,4,2,65,"Male",0,1,0,0, 400,0,0,0,0,1,0,0,0,0,0,1,0,0,0,0,0,0,0,0,0,0,0,0,0,0,0,0,0,0,0
"8",  33,4,5,55,"Female",0,1,0,0, 550,1,1,0,0,1,1,0,0,1,1,1,0,0,0,0,0,0,0,0,0,0,0,0,0,0,0,0,0,0,0
"349",1410,4,2,55,"Male",1,1,0,0,1750,1,0,0,0,0,0,0,0,0,0,0,0,0,0,0,0,0,0,0,0,0,0,0,0,0,0,0,0,1,1
"960",3862,1,5,35,"Male",1,1,0,0, 400,1,0,1,0,1,1,0,0,1,0,1,0,0,0,1,0,0,0,1,0,0,0,1,0,1,0,1,0,1,0
"87", 377,4,5,65,"Male",1,1,0,0,1250,1,1,1,1,1,1,1,1,1,1,1,0,1,1,1,0,0,0,0,0,0,0,0,0,0,0,0,0,1,1
"199", 850,3,4,35,"Male",1,1,0,0,1250,1,1,0,0,0,0,1,1,1,1,0,0,0,0,0,0,0,0,1,1,0,0,0,0,0,0,0,0,0,0
"38", 177,3,5,55,"Male",1,1,0,0, 850,0,0,0,0,0,0,1,1,1,1,1,0,0,0,0,0,0,0,1,1,0,0,0,0,0,0,0,0,0,0
"1186",4777,4,2,55,"Male",1,1,0,0,1750,1,1,0,0,0,1,0,0,0,0,0,1,0,0,1,0,0,0,0,0,0,0,0,0,0,0,0,0,0,1
"397",1637,3,5,35,"Female",1,1,0,0, 550,1,0,1,0,1,0,0,0,1,1,1,0,0,0,0,0,0,0,0,0,0,0,0,0,0,0,0,0,1,1
"1020",4075,3,5,25,"Female",1,0,0,0,1750,0,1,0,0,0,1,0,0,0,1,0,0,0,0,0,0,0,0,0,0,0,0,0,0,0,0,0,0,0,1
"1232",4955,2,5,35,"Male",1,1,0,0,1750,0,1,0,0,0,1,0,0,0,1,0,0,0,0,0,0,0,0,0,0,0,0,0,0,0,0,0,0,0,0
"1126",4488,4,2,45,"Female",0,0,0,0,4000,1,1,0,0,0,1,0,0,0,0,0,0,0,0,0,0,0,0,0,0,0,0,0,0,0,0,0,0,0,0
"1094",4359,3,4,35,"Female",1,1,0,0,4000,0,1,0,0,1,1,0,0,1,1,1,1,0,0,0,0,0,0,1,0,0,0,0,0,1,0,1,0,0,0
"1099",4376,3,5,35,"Female",0,1,0,1,4000,0,0,0,0,0,0,0,0,0,0,0,0,0,0,0,0,0,0,0,0,0,0,0,0,0,0,0,0,0,0
"178", 740,4,2,65,"Male",1,1,0,0, 550,1,1,0,0,1,1,0,0,1,1,0,0,0,0,0,0,0,0,0,0,0,0,0,0,1,1,1,1,1,1
"714",2794,4,2,65,"Male",1,1,0,0,1750,1,1,0,0,1,1,0,0,0,0,0,1,0,0,0,0,0,0,0,0,0,0,0,0,0,0,0,0,0,0
"488",1918,4,5,35,"Male",1,1,0,0,1250,1,1,0,0,1,1,0,0,1,1,1,0,0,0,0,0,0,0,1,1,0,0,0,0,0,0,0,0,0,0
"11",  44,4,5,55,"Female",1,1,0,0, 550,1,1,0,0,1,0,0,0,1,1,1,0,0,0,0,0,0,0,1,1,0,0,0,0,0,0,0,0,0,0
"935",3752,3,5,25,"Female",1,1,0,0,1250,1,1,1,1,1,1,0,0,1,1,0,0,0,0,0,0,0,0,0,0,0,0,0,0,0,0,0,0,0,0
"186", 776,3,5,35,"Male",1,1,0,1,1250,1,0,1,0,1,1,0,0,1,1,1,0,0,0,0,0,0,0,1,1,0,0,0,0,0,0,0,0,0,0
"1251",5038,2,4,25,"Male",0,0,0,0,1750,0,0,1,0,0,1,0,0,0,1,0,0,0,0,0,0,0,0,0,0,0,0,0,0,0,0,0,0,0,0
"458",1829,3,5,35,"Male",1,1,0,1, 550,1,1,0,0,1,1,1,1,1,1,1,0,0,0,0,0,0,0,1,1,0,0,0,0,0,0,0,0,0,0
"738",2940,1,5,45,"Female",1,1,0,1,1750,0,1,0,0,0,1,0,0,0,0,0,0,0,0,0,0,0,0,0,0,0,0,0,0,0,0,0,0,0,0
"27", 132,2,5,45,"Male",1,1,1,0, 850,1,1,0,0,1,1,0,0,1,1,1,0,0,0,0,0,0,0,0,0,0,0,0,0,0,0,0,0,0,0
"903",3617,4,2,65,"Female",0,1,0,0,2500,0,1,0,0,0,1,0,0,0,0,0,0,0,0,0,0,0,0,0,1,0,1,0,0,0,0,0,0,0,0
"882",3511,2,2,55,"Female",0,0,0,0,4000,1,0,0,0,1,1,0,0,0,0,0,0,0,0,0,0,0,0,0,0,0,0,0,0,0,0,0,0,0,0
"628",2482,3,4,45,"Male",1,1,0,1, 550,1,1,1,1,1,1,0,0,1,1,1,0,0,0,0,0,0,0,1,1,0,0,0,0,0,0,0,0,1,1
"1258",5075,4,2,35,"Male",1,0,0,0,1750,0,0,0,0,0,1,0,0,0,0,0,0,0,0,0,0,0,0,0,0,0,0,0,0,0,0,0,0,0,0
"725",2846,1,1,35,"Male",0,0,0,0,4000,0,1,0,0,1,1,0,0,0,0,0,0,0,0,0,0,0,0,0,0,0,0,0,0,0,0,0,0,0,0
"58", 252,3,3,35,"Male",1,1,0,0, 550,0,0,0,0,1,1,0,0,1,1,1,0,0,0,0,0,0,0,1,1,0,0,0,0,0,0,0,0,0,0
"100", 436,3,5,55,"Male",1,1,1,1,5000,1,1,1,0,1,1,0,0,1,1,1,0,1,1,0,0,0,0,1,1,1,1,0,0,0,0,0,0,1,1
"932",3741,2,3,35,"Female",1,1,0,0,1250,0,0,1,0,0,1,0,1,0,1,0,0,1,0,0,0,0,0,0,0,0,0,0,0,0,0,0,0,0,1
"691",2701,2,5,45,"Male",0,1,1,1, 850,0,0,0,0,0,0,0,0,0,0,0,0,0,0,0,0,0,0,0,0,0,0,0,0,0,0,0,0,0,0
"865",3441,1,5,55,"Male",1,1,1,1,5000,1,0,1,0,1,1,1,0,1,0,1,0,0,0,0,0,0,0,1,0,0,0,1,0,1,0,0,0,1,0
"1202",4819,4,4,25,"Female",0,0,0,0,4000,0,0,0,0,0,1,0,0,0,1,0,0,0,0,0,0,0,0,0,0,0,0,0,0,0,0,0,0,0,1
"1159",4661,1,2,35,"Male",0,1,0,0,4000,0,0,0,0,0,1,0,0,0,0,0,0,0,0,0,0,0,0,0,0,0,0,0,0,0,0,0,0,0,0
"727",2860,3,5,35,"Female",1,1,0,0,2500,1,1,1,0,0,1,0,0,0,0,0,0,0,0,0,0,0,0,0,0,0,0,0,0,0,0,0,0,0,1
"904",3620,3,5,35,"Female",1,1,0,0, 400,1,0,0,0,0,0,0,0,0,0,0,0,0,0,0,0,0,0,0,0,0,0,0,0,0,0,0,0,0,0
"222", 956,4,4,65,"Female",1,1,0,1, 850,1,1,1,1,1,1,1,1,1,1,1,0,0,0,0,0,0,0,0,0,1,1,1,1,0,0,0,0,0,0
"634",2499,3,5,45,"Male",1,1,0,1,5000,1,1,1,0,1,1,1,1,1,1,0,0,0,0,1,0,0,0,1,0,1,1,0,0,0,0,0,0,0,0
"976",3909,4,4,25,"Female",0,0,0,0,2500,0,0,0,0,0,1,0,0,0,1,0,0,0,0,0,0,0,0,0,0,0,0,0,0,0,0,0,0,0,1
"963",3871,3,4,45,"Male",0,0,0,0,1750,0,1,0,0,0,1,0,0,0,1,0,1,0,1,0,0,0,0,0,1,0,0,0,0,0,0,0,0,0,1
"13",  62,4,2,55,"Male",1,1,0,0, 400,1,1,0,0,1,1,0,0,1,1,0,0,0,0,0,0,0,0,1,1,0,0,0,0,0,0,0,0,0,0
"117", 523,4,5,45,"Male",1,1,0,0,5000,1,0,0,0,1,1,1,1,1,1,1,1,0,0,1,0,0,0,1,1,1,1,1,1,0,0,0,0,0,0
"407",1666,3,4,45,"Male",1,0,0,0,1750,1,1,0,0,0,0,0,0,0,0,0,0,0,0,1,0,1,0,1,1,0,0,0,0,0,0,1,0,1,0
"272",1136,3,5,45,"Female",0,1,0,0,1750,1,1,0,0,1,1,0,0,1,1,1,0,0,0,0,0,0,0,0,0,0,0,0,0,0,0,0,0,0,0
"169", 716,1,5,45,"Male",1,1,1,1,5000,1,1,1,0,1,1,0,0,1,0,1,0,0,0,1,0,0,0,1,0,1,0,1,0,0,0,0,0,0,0
"1286",5191,4,5,25,"Female",1,1,0,1, 550,0,0,1,0,0,1,0,0,0,1,0,0,0,0,0,0,0,0,0,0,0,0,0,0,0,0,0,0,0,0
"626",2475,2,5,55,"Male",1,1,0,0, 850,1,1,1,1,1,1,0,0,1,1,0,0,0,0,0,0,0,0,1,1,0,0,0,0,0,0,0,0,0,0
"1149",4604,3,4,35,"Male",0,1,0,0,1750,0,0,0,0,0,1,0,0,0,0,0,0,0,1,0,0,0,0,0,0,0,0,0,0,0,0,0,0,0,1
"262",1105,2,5,65,"Male",1,1,0,0,5000,1,0,0,0,0,0,1,1,1,1,1,0,0,0,0,0,0,0,1,1,1,1,0,0,0,0,0,0,0,0
"761",3021,3,5,45,"Female",1,1,0,1,2500,0,1,0,0,1,1,0,1,0,1,0,0,0,0,0,0,0,0,0,1,0,1,0,0,1,0,0,0,0,0
"51", 223,4,1,65,"Male",1,1,0,0, 850,1,1,0,0,1,1,0,0,0,0,1,0,0,0,0,0,0,0,0,0,0,0,0,0,0,0,0,0,1,1
"321",1326,4,5,55,"Male",1,1,0,1, 850,0,0,1,1,0,0,1,1,1,1,1,0,0,0,0,0,0,0,0,0,1,1,0,0,1,1,1,1,1,1
"483",1901,3,5,45,"Male",1,1,0,1, 550,1,1,0,0,1,1,0,0,1,1,1,0,0,0,0,0,0,0,0,0,1,1,0,0,0,0,0,0,0,0
"1023",4080,3,5,35,"Female",0,0,0,0,4000,0,0,0,0,0,1,0,0,0,0,0,0,0,0,0,0,0,0,0,0,0,0,0,0,0,0,0,0,0,0
"699",2733,4,2,65,"Male",1,1,0,0, 550,1,0,1,0,1,1,1,1,1,0,0,0,0,0,0,0,0,0,1,1,0,0,0,0,0,0,0,0,0,0
"303",1242,4,5,55,"Male",1,1,0,0, 550,1,1,0,0,1,1,0,0,1,1,1,0,0,0,0,0,0,0,0,0,0,0,0,0,0,0,0,0,1,1
"690",2697,4,5,65,"Male",0,1,0,1, 400,0,0,0,0,0,0,0,0,1,1,0,0,0,0,0,0,0,0,0,0,0,0,0,0,0,0,0,0,0,0
"1173",4722,3,4,65,"Female",1,1,0,0,4000,1,1,0,0,0,1,0,0,1,0,0,0,0,0,0,0,0,0,1,1,0,1,0,0,0,0,0,0,0,0
"1328",5358,3,5,35,"Male",0,0,0,0,1750,0,1,0,0,0,1,0,0,0,0,0,0,0,0,0,0,0,0,0,0,0,0,0,0,0,0,0,0,0,0
"1052",4195,4,5,25,"Female",1,1,0,0,2500,0,0,0,0,0,1,0,0,0,1,0,0,0,0,0,0,0,0,0,0,0,0,0,0,0,0,0,0,0,0
"653",2570,1,5,55,"Male",1,1,0,1,1250,1,1,0,0,1,1,0,0,1,1,0,0,0,0,0,0,0,0,0,0,0,0,0,0,0,0,0,0,0,0
"79", 315,2,5,35,"Male",1,1,1,0, 850,0,0,1,1,1,1,0,0,1,1,1,0,0,0,0,0,0,0,0,0,0,0,0,0,0,0,0,0,0,0
"781",3099,3,5,45,"Female",0,1,0,0,2500,1,1,0,0,1,1,0,0,0,1,0,1,0,0,0,0,0,0,0,0,0,0,0,0,0,0,0,0,0,0
"1069",4247,3,5,35,"Male",1,1,0,0, 850,1,1,0,0,0,1,0,0,0,1,0,0,0,0,0,0,0,0,0,1,0,0,0,0,0,0,0,0,0,0
"1297",5222,4,5,45,"Male",1,1,0,1, 550,0,0,0,0,0,1,0,1,0,1,0,1,0,0,0,0,0,0,0,1,0,0,0,0,0,0,0,0,0,0
"1211",4846,4,2,65,"Male",1,1,0,0,1750,0,0,0,0,0,1,0,0,0,0,0,0,0,0,0,0,0,0,0,1,0,0,0,0,0,0,0,0,0,1
"264",1108,3,4,65,"Female",1,1,0,0, 850,1,1,0,0,1,1,1,1,1,0,1,0,0,0,0,0,0,0,1,0,0,0,0,0,0,0,0,0,0,0
"533",2075,3,5,55,"Male",1,1,1,1,5000,0,0,0,0,1,1,1,1,1,1,1,0,0,0,0,0,0,0,1,0,0,0,0,0,0,0,0,0,0,0
"764",3029,1,5,35,"Female",1,1,0,0,1750,0,0,1,0,0,1,0,0,0,0,0,0,0,0,0,0,1,0,0,0,0,0,0,0,0,0,0,0,0,0
"1247",5013,2,1,55,"Female",0,0,0,0,4000,0,1,0,0,0,0,0,0,0,0,0,0,0,0,0,0,0,0,0,0,0,0,0,0,0,0,0,0,0,0
"1335",5384,4,5,45,"Female",1,1,0,1,1250,1,0,1,0,1,1,0,0,1,1,0,0,0,0,0,0,0,0,0,0,0,0,0,0,0,0,0,0,0,0
"1236",4966,4,5,35,"Female",1,1,0,0,1250,0,0,0,1,0,1,0,0,0,0,0,0,0,0,0,0,0,0,0,0,0,0,0,0,0,1,0,0,0,0
"221", 951,4,5,35,"Female",1,1,0,1, 550,1,0,1,0,1,1,1,1,1,1,0,0,0,0,0,0,0,0,0,0,0,0,0,0,1,1,0,0,0,0
"1294",5214,4,3,55,"Female",0,1,0,0,2500,0,0,0,0,0,1,0,0,0,1,0,1,0,0,0,0,0,0,0,0,0,0,0,0,0,0,0,0,0,1
"499",1962,1,5,45,"Male",1,1,1,1,5000,1,0,1,0,1,0,0,0,1,0,0,0,0,0,0,0,0,0,0,0,0,0,0,0,0,0,0,0,1,0
"1118",4448,1,5,25,"Female",1,1,0,0,4000,0,0,0,0,1,1,0,0,0,0,0,0,0,0,0,0,0,0,0,0,0,0,0,0,0,0,0,0,0,0
"604",2400,3,5,45,"Female",1,1,1,1, 850,1,0,1,0,0,0,1,1,1,1,1,0,0,0,0,0,1,0,1,1,1,1,0,0,0,0,1,0,1,0
"878",3484,1,3,45,"Male",1,1,0,0,4000,1,0,0,0,0,1,0,0,0,0,0,0,0,0,0,0,0,0,0,0,0,0,0,0,0,0,0,0,0,0
"352",1419,4,5,45,"Male",1,1,1,1,1250,1,0,1,0,1,1,1,1,1,1,1,0,0,0,0,0,0,0,1,1,1,0,0,0,0,0,1,1,1,1
"449",1808,1,5,35,"Male",1,1,0,0, 850,1,0,1,0,1,1,0,0,1,1,1,0,0,0,0,0,0,0,0,0,1,1,0,0,0,0,0,0,1,0
"1321",5338,4,3,65,"Male",1,1,0,0,1750,0,0,0,0,0,0,0,0,0,0,0,0,0,0,0,0,0,0,0,1,0,0,0,0,1,0,0,0,0,0
"104", 465,4,5,45,"Male",1,1,0,1,1250,1,1,1,1,0,0,1,1,1,1,1,0,0,0,0,0,0,0,1,1,1,1,1,1,1,1,1,1,1,1
"43", 201,2,5,45,"Male",1,1,0,0, 850,1,1,0,0,1,1,0,0,1,1,0,0,0,0,0,0,0,0,0,0,1,1,1,0,0,0,0,0,0,0
"1308",5281,4,5,55,"Male",1,1,0,0, 550,0,1,0,0,0,1,0,0,0,1,0,0,0,1,0,0,0,0,0,0,0,0,0,0,0,0,0,0,0,1
"1377",5550,3,5,25,"Male",1,1,0,1,2500,0,0,0,0,0,1,0,0,0,1,0,0,0,0,0,0,0,0,0,0,0,0,0,0,0,0,0,0,0,0
"766",3035,4,4,25,"Female",0,0,0,0,4000,0,0,0,0,0,1,0,0,0,0,0,0,0,0,0,0,0,0,0,0,0,0,0,0,0,0,0,0,0,0
"162", 682,3,5,35,"Male",1,1,0,0,1250,1,1,1,0,1,1,1,1,1,1,0,0,0,0,0,0,1,0,1,1,1,1,0,0,0,0,0,0,1,0
"989",3945,4,3,35,"Male",0,0,0,0,1750,0,0,0,0,0,1,0,0,0,0,0,0,0,0,1,0,0,0,0,0,0,0,0,0,0,0,0,0,0,0
"421",1725,4,5,65,"Female",1,1,0,0,1250,1,0,1,1,1,1,0,0,1,1,1,0,0,0,0,0,0,0,1,1,0,0,0,0,0,0,0,0,0,0
"943",3799,2,5,45,"Female",0,0,0,0,1750,0,1,0,0,0,1,0,0,0,1,0,1,0,0,0,0,0,0,0,0,0,0,0,0,0,0,0,0,0,1
"171", 721,1,5,55,"Male",1,1,1,1,5000,1,1,1,1,1,1,1,1,1,1,1,0,0,0,0,0,0,0,1,1,1,1,1,1,1,0,0,0,0,0
"1274",5136,3,5,45,"Female",1,1,0,1, 400,1,1,0,0,1,1,0,0,0,0,0,1,0,0,0,0,0,0,0,0,0,0,0,0,0,0,0,0,0,0
"850",3380,1,5,45,"Female",1,1,0,1,2500,1,0,1,0,1,0,0,0,1,0,1,0,0,0,0,0,0,0,0,0,0,0,0,0,0,0,0,0,0,0
"822",3262,3,3,65,"Female",1,1,0,0,4000,1,0,0,0,0,1,0,0,0,0,0,0,0,0,0,0,0,0,0,1,0,0,0,0,0,0,0,0,0,0
"487",1916,3,5,55,"Male",1,1,1,1,1250,1,1,1,1,1,1,1,1,1,1,1,0,0,0,0,0,0,0,1,1,1,1,0,0,0,0,1,0,1,0
"689",2695,4,5,65,"Female",1,1,0,0, 850,0,0,1,1,1,1,0,0,1,1,1,0,0,0,0,0,0,0,0,0,0,0,0,0,1,0,0,0,1,1
"1083",4304,3,4,45,"Female",1,1,0,0,4000,0,0,0,0,0,1,0,0,0,0,0,0,0,0,0,0,0,0,0,0,0,0,0,0,0,0,0,0,0,1
"1019",4070,1,5,25,"Female",0,1,0,0,2500,0,1,0,0,0,1,0,0,0,1,0,0,0,0,0,0,0,0,1,1,0,0,0,0,0,0,0,0,0,1
"981",3917,3,4,55,"Male",1,1,0,1, 400,0,1,0,1,0,0,0,0,0,0,0,0,0,0,0,0,0,0,0,0,0,0,0,0,0,0,0,0,0,0
"234", 996,4,5,45,"Male",1,1,0,0,1250,1,1,0,0,1,1,1,1,1,1,1,0,0,0,0,0,0,0,1,1,1,1,0,0,0,0,0,0,0,0
"1357",5463,4,4,45,"Male",1,1,0,0, 550,0,1,0,1,0,1,0,0,0,1,0,0,0,0,1,0,0,0,0,0,0,0,0,0,0,0,0,0,0,1
"947",3807,3,5,35,"Female",0,1,0,0, 400,0,1,0,0,0,0,0,0,0,1,0,0,0,0,0,0,0,0,0,1,0,0,0,0,0,0,0,0,0,0
"1296",5219,4,4,35,"Male",0,0,0,0,1750,0,1,0,0,0,1,0,0,0,0,0,0,0,0,0,0,0,0,0,0,0,0,0,0,0,0,0,0,0,0
"1267",5108,4,5,25,"Female",0,0,0,0,4000,1,1,0,0,1,1,0,0,0,0,0,0,0,0,0,0,0,0,0,0,0,0,0,0,0,0,0,0,0,0
"324",1330,3,5,45,"Male",1,1,0,1, 850,1,1,0,0,0,0,1,1,1,0,0,0,0,0,0,0,0,0,0,0,1,1,1,1,0,0,0,0,0,0
"1043",4159,3,5,35,"Female",0,1,0,0,1750,0,1,0,0,0,1,0,1,0,1,0,0,0,0,0,0,0,0,0,1,0,0,0,0,0,0,0,0,0,0
"452",1816,3,5,35,"Male",1,1,0,1, 400,1,1,0,0,1,1,1,1,1,1,1,0,0,0,0,0,0,0,1,1,0,0,0,0,1,1,0,0,0,0
"1338",5391,2,2,55,"Female",1,1,0,0,4000,1,0,1,0,1,0,0,0,1,0,0,1,0,0,0,0,0,0,0,0,0,0,0,0,0,0,0,0,0,0
"1369",5524,3,2,65,"Female",0,0,0,0,2500,1,1,1,1,1,1,1,1,1,1,1,1,1,1,1,1,1,1,1,1,1,1,1,1,1,1,1,1,0,1
"797",3171,4,4,45,"Male",0,0,0,0,4000,0,1,0,0,0,1,0,0,0,0,0,0,0,0,0,0,0,0,0,0,0,0,0,0,0,0,0,0,0,0
"601",2394,4,3,45,"Male",1,0,0,0,4000,0,0,0,0,0,0,0,0,1,1,1,0,0,0,0,0,0,0,0,0,0,0,0,0,0,0,0,0,0,0
"1063",4224,1,5,25,"Male",1,1,0,0,1750,0,0,0,0,0,1,0,0,0,0,0,0,0,0,0,0,0,0,0,0,0,0,0,0,0,0,0,0,0,0
"710",2778,3,5,20,"Female",1,0,0,0,4000,0,1,0,0,0,1,0,0,0,0,0,0,0,0,0,0,0,0,0,0,0,0,0,0,0,0,0,0,0,0
"807",3189,2,4,20,"Female",1,1,0,0,1750,1,0,0,0,1,1,0,0,1,0,0,0,0,0,0,0,0,0,1,0,0,0,0,0,0,0,0,0,0,0
"1008",4029,4,5,35,"Male",1,1,0,0, 400,0,0,0,0,0,1,0,0,0,1,0,1,0,1,0,0,0,0,0,1,0,0,0,0,0,0,0,0,0,1
"364",1488,4,4,45,"Male",0,0,0,0, 850,1,1,0,0,1,1,0,0,1,1,0,0,0,0,0,0,0,0,1,1,0,0,0,0,0,0,0,0,0,0
"209", 893,1,5,55,"Female",1,1,1,0,1250,0,0,0,0,1,0,0,0,1,0,1,0,1,0,0,0,0,0,0,0,1,0,0,0,0,0,0,0,0,0
"792",3164,2,4,35,"Male",1,1,1,1, 850,1,0,1,0,1,1,1,1,1,1,0,0,0,0,0,0,0,0,1,1,0,0,0,0,1,0,0,0,0,1
"1352",5444,1,5,25,"Female",1,1,1,1, 550,1,0,0,0,1,1,0,0,1,0,0,0,0,0,0,0,0,0,1,0,1,0,1,0,0,0,0,0,0,0
"294",1212,3,5,35,"Female",1,1,0,0,1750,1,1,0,0,1,1,0,0,1,1,0,0,0,0,0,0,0,0,0,0,0,0,0,0,0,0,0,0,0,0
"1366",5504,4,5,35,"Female",1,1,0,1,1250,1,1,1,1,1,1,1,0,1,1,0,0,0,0,0,0,0,0,0,0,1,0,0,0,0,0,0,0,0,0
"1012",4042,3,5,25,"Female",1,1,1,1,1750,0,0,0,0,0,1,0,0,0,0,0,0,0,0,0,0,0,0,0,0,0,0,0,0,0,0,0,0,0,0
"1354",5448,4,1,55,"Male",1,1,0,0,2500,1,0,0,0,1,1,0,0,0,0,0,0,0,0,0,0,0,0,0,0,0,0,0,0,0,0,0,0,0,0
"250",1049,4,2,65,"Male",1,1,0,0, 400,0,0,0,0,1,0,1,0,1,0,0,0,0,0,0,0,0,0,0,0,0,0,0,0,0,0,0,0,0,0
"563",2225,4,5,55,"Female",1,1,0,0,2500,1,0,0,0,1,0,0,0,1,0,0,0,0,0,0,0,0,0,0,0,0,0,0,0,0,0,0,0,0,0
"1060",4212,4,4,55,"Male",1,1,0,0, 400,1,1,0,0,0,0,0,0,0,1,0,0,0,0,0,0,0,0,1,1,0,1,0,0,0,0,0,0,0,0
"676",2652,3,5,35,"Female",1,1,0,1,1250,0,0,1,1,0,0,0,0,1,1,0,0,0,0,0,0,0,0,1,1,0,0,0,0,0,0,0,0,1,1
"1124",4483,4,5,45,"Female",1,1,0,0,2500,0,0,0,0,0,1,0,0,0,1,0,1,0,0,0,0,0,0,0,0,0,0,0,0,0,0,0,0,0,0
"267",1123,4,3,55,"Male",1,1,0,1, 550,1,1,0,0,1,1,1,1,1,1,1,0,0,0,0,0,0,0,1,1,0,0,0,0,0,0,0,0,0,0
"553",2174,4,5,55,"Male",1,1,0,1, 850,1,1,1,1,1,1,1,1,1,1,1,0,0,0,0,0,0,0,0,0,0,0,1,1,1,1,0,0,1,1
"98", 416,4,5,65,"Male",1,1,0,1,5000,1,1,0,0,1,1,1,1,1,1,1,0,0,0,1,0,0,0,1,1,0,0,0,0,0,0,1,0,1,1
"1125",4484,4,2,45,"Female",0,0,0,0,4000,0,1,0,0,0,1,0,0,0,0,0,0,0,0,0,0,0,0,0,0,0,0,0,0,0,0,0,0,0,0
"1040",4145,4,1,45,"Male",0,0,0,0,4000,0,1,0,0,0,1,0,0,0,0,0,0,0,0,0,0,0,0,0,0,0,0,0,0,0,0,0,0,0,0
"131", 561,2,5,65,"Male",1,1,0,1,1250,1,1,0,0,1,1,0,0,1,1,1,0,0,0,0,0,0,0,0,0,1,1,0,0,0,0,0,0,0,0
"461",1842,4,4,65,"Male",1,1,0,0,1250,0,0,0,0,1,1,1,1,1,1,0,0,0,0,0,0,0,0,1,1,0,0,1,1,0,0,0,0,0,0
"124", 541,4,4,65,"Male",1,1,0,0,1250,1,0,1,0,1,0,1,0,1,0,0,0,0,0,0,0,0,0,0,0,0,0,0,0,0,0,0,0,0,0
"827",3292,1,3,55,"Male",1,1,0,1,2500,1,0,1,0,1,1,0,0,1,0,1,0,0,0,0,0,0,0,1,0,0,0,0,0,0,0,0,0,0,0
"744",2962,1,4,25,"Male",1,1,0,1, 400,1,0,1,0,1,1,0,0,1,0,0,1,0,0,0,0,0,0,1,0,0,0,0,0,1,0,0,0,1,0
"748",2972,1,5,35,"Male",1,1,0,1, 400,0,1,0,0,1,1,1,1,0,1,0,0,0,0,0,0,0,0,0,1,1,1,1,1,0,0,0,0,0,0
"1140",4554,4,4,45,"Male",1,0,0,0,4000,1,0,0,0,1,1,0,0,0,0,0,0,0,0,0,0,0,0,0,0,0,0,0,0,0,0,0,0,0,0
"372",1511,2,4,55,"Male",1,1,0,0, 550,1,1,1,1,0,0,0,0,1,1,1,0,0,0,0,0,0,0,1,0,1,0,0,0,0,0,0,0,0,0
"217", 922,3,4,45,"Male",1,1,0,0, 400,1,0,0,0,0,0,0,0,0,0,1,0,0,0,1,0,0,0,1,0,0,0,0,0,0,0,0,0,0,0
"497",1958,4,2,55,"Male",1,1,1,1,1750,1,0,1,1,0,0,1,1,1,1,1,0,0,0,0,0,0,0,1,1,0,0,0,0,0,0,0,0,1,0
"564",2226,1,4,35,"Male",1,1,1,1, 550,1,1,0,0,1,1,1,1,1,1,0,0,0,0,0,0,0,0,0,0,0,0,0,0,0,0,0,0,0,0
"985",3931,4,5,65,"Male",1,1,0,1,1250,0,1,0,1,0,1,0,0,0,1,0,0,0,0,0,0,0,0,0,1,0,0,0,0,0,0,0,1,0,1
"1364",5497,4,5,65,"Male",0,1,0,0, 400,0,1,0,1,0,1,0,0,0,1,0,0,0,0,0,0,0,0,0,1,0,0,0,0,0,0,0,0,0,0
"707",2762,4,5,25,"Female",1,1,0,0,2500,0,1,0,1,0,1,0,1,0,1,0,1,0,0,0,0,0,0,0,0,0,0,0,1,0,1,0,1,0,0
"227", 971,2,5,45,"Female",1,1,0,0, 550,1,1,0,0,1,1,0,0,1,1,1,0,0,0,0,0,0,0,1,0,0,0,0,0,0,0,0,0,0,0
"363",1484,1,5,35,"Male",1,1,0,1,1250,1,1,1,0,1,1,0,0,1,1,0,0,0,0,0,0,0,0,1,1,1,1,0,0,1,0,1,0,1,1
"396",1632,2,5,45,"Female",1,1,0,0,2500,1,1,1,0,1,0,1,1,0,0,0,0,0,0,0,0,0,0,1,1,1,0,0,0,0,0,0,0,1,1
"75", 298,3,5,45,"Male",1,1,0,0, 850,1,0,1,0,1,1,0,0,1,0,0,0,0,0,0,0,0,0,1,1,0,0,0,0,0,0,0,0,1,1
"607",2416,2,5,65,"Male",1,1,0,0,5000,1,1,1,0,1,0,1,0,1,0,1,0,0,0,0,0,0,0,0,0,1,0,0,0,0,0,0,0,0,0
"167", 706,4,5,45,"Female",1,1,0,0,1250,0,0,1,1,1,1,0,0,1,1,1,0,0,0,0,0,0,0,1,1,0,0,0,0,0,0,0,0,0,0
"118", 526,3,5,55,"Male",1,1,0,1,1250,1,1,0,0,1,1,1,1,1,1,1,0,0,0,0,0,0,0,1,1,1,1,0,0,0,0,0,0,0,0
"491",1927,3,2,65,"Male",1,1,0,0, 400,1,0,0,0,1,1,1,1,1,1,0,0,0,0,0,0,0,0,0,0,0,0,0,0,0,0,0,0,0,0
"271",1132,4,4,65,"Male",1,1,0,1, 850,1,1,0,0,0,0,0,0,1,1,1,0,0,0,0,0,0,0,1,1,0,0,0,0,1,0,0,0,0,0
"580",2292,1,4,55,"Male",1,1,0,0, 850,1,0,0,0,1,1,1,1,1,1,0,0,0,0,1,0,0,0,1,1,1,1,0,0,1,1,0,0,0,0
"1214",4872,4,4,45,"Female",1,1,0,0, 400,0,1,0,0,0,1,0,0,0,1,0,0,0,1,0,0,0,0,0,0,0,0,0,0,0,0,0,0,0,1
"113", 507,3,5,65,"Male",1,1,0,0, 850,1,0,1,0,1,0,1,1,1,1,1,0,0,0,1,0,0,0,1,1,0,0,0,0,0,0,0,0,0,0
"347",1402,4,5,45,"Male",1,1,0,1, 850,1,1,0,0,1,1,1,1,0,0,1,0,0,0,0,0,0,0,1,1,1,1,0,0,0,0,1,1,1,1
"1147",4590,3,4,25,"Female",1,1,0,0,1750,0,0,0,0,0,1,0,0,0,0,0,0,0,0,0,0,0,0,0,0,0,0,0,0,0,0,0,0,0,0
"395",1631,4,5,35,"Male",1,1,1,1, 850,0,0,1,1,0,0,1,1,1,1,1,1,0,0,0,0,0,0,1,1,0,0,0,0,0,0,0,0,0,0
"1255",5061,3,2,65,"Male",1,0,0,0, 400,1,0,0,0,0,1,0,1,0,1,0,0,0,0,0,0,0,0,0,0,0,0,0,0,0,0,0,0,0,0
"788",3133,4,4,55,"Male",0,1,0,0,2500,1,1,0,0,1,1,0,0,1,1,0,0,0,0,0,0,0,0,0,0,0,0,0,0,0,0,0,0,1,1
"852",3394,2,5,25,"Male",1,1,0,1, 400,0,0,1,0,0,1,0,1,0,1,0,0,0,0,0,0,0,0,0,1,1,0,0,0,0,0,0,0,0,0
"296",1217,4,5,65,"Male",1,1,0,0,5000,1,1,0,0,1,1,0,0,1,1,1,0,0,0,1,0,0,0,0,0,0,0,0,0,0,0,0,0,0,0
"73", 293,4,5,55,"Male",1,1,0,0, 850,1,1,1,1,1,1,1,1,1,1,1,0,0,0,0,0,0,0,0,0,0,0,0,0,1,1,0,0,1,1
"650",2556,4,4,55,"Male",1,1,0,1,5000,1,0,1,0,1,0,1,1,1,1,0,0,0,0,0,0,0,0,1,1,1,1,0,0,0,0,0,0,0,0
"1132",4520,3,5,35,"Male",1,1,0,1,2500,0,0,0,1,0,1,0,0,0,1,0,1,0,1,0,0,0,0,0,1,0,0,0,0,0,1,0,1,0,1
"268",1125,3,5,35,"Female",1,1,1,1,1250,1,1,1,0,0,0,1,0,1,1,1,0,0,0,0,0,0,0,1,1,1,1,0,0,0,0,0,0,0,0
"353",1422,4,1,65,"Male",1,0,0,0, 850,0,0,0,0,1,1,1,1,1,1,1,0,0,0,0,0,0,0,1,1,0,0,0,0,0,0,0,0,0,0
"1327",5357,4,5,55,"Male",1,1,1,1,5000,0,0,0,1,1,1,1,0,1,1,1,0,0,0,0,0,1,0,1,0,1,0,0,0,0,0,0,0,0,0
"1320",5336,4,1,45,"Male",1,0,0,0, 400,0,0,0,0,0,1,0,0,0,0,0,0,0,0,0,0,0,0,0,0,0,0,0,0,0,0,0,0,0,0
"1323",5341,4,4,35,"Male",0,0,0,0,4000,0,0,0,0,0,1,0,0,0,0,0,0,0,0,0,0,0,0,0,0,0,0,0,0,0,0,0,0,0,0
"685",2677,3,5,25,"Male",1,1,0,1, 400,0,0,0,0,0,0,1,0,0,0,0,0,0,0,0,0,0,0,1,1,1,1,1,1,0,0,0,0,0,0
"1360",5483,4,5,25,"Male",0,0,0,0,4000,0,1,0,0,0,1,0,0,0,0,0,0,0,0,0,0,0,0,0,0,0,0,0,0,0,0,0,0,0,0
"806",3186,2,4,35,"Female",0,0,0,0,4000,1,0,0,0,0,0,0,0,0,0,0,0,0,0,0,0,0,0,0,0,0,0,0,0,0,0,0,0,0,0
"423",1727,2,2,65,"Female",0,1,0,0,1750,0,0,1,0,1,0,0,0,1,0,1,0,0,0,0,0,0,0,0,0,1,1,0,0,0,0,0,0,0,0
"794",3167,1,4,45,"Female",1,1,1,0,2500,1,0,0,0,1,0,1,0,1,0,0,0,0,0,0,0,0,0,1,0,1,0,0,0,0,0,1,0,0,0
"835",3323,1,5,45,"Female",1,1,1,0,4000,1,0,1,0,1,1,1,0,1,0,1,0,1,0,0,0,0,0,1,0,0,0,0,0,1,0,0,0,1,0
"362",1478,1,5,35,"Male",1,1,0,1, 850,1,1,0,0,1,1,1,1,1,1,1,0,0,0,0,0,0,0,0,0,0,0,0,0,0,0,1,1,1,1
"1086",4319,3,5,55,"Female",1,1,0,0,2500,0,0,0,0,0,1,0,0,0,1,0,1,0,0,0,0,0,0,0,1,0,1,0,0,0,0,0,0,0,0
"1157",4654,2,5,25,"Female",1,1,0,0,4000,1,1,0,0,0,1,0,0,1,0,1,0,0,0,0,0,0,0,1,0,0,0,0,0,1,0,1,0,0,0
"648",2551,4,2,65,"Male",1,1,0,0,1250,1,1,0,0,1,1,1,1,1,1,1,0,0,0,0,0,0,0,1,0,0,0,0,0,0,0,0,0,0,0
"796",3170,3,4,25,"Female",1,0,0,0,4000,0,0,0,0,0,1,0,0,0,0,0,0,0,0,0,0,0,0,0,0,0,0,0,0,0,0,0,0,0,0
"573",2264,4,2,55,"Male",1,1,0,0, 400,1,1,0,0,1,1,1,1,1,1,0,0,0,0,0,0,0,0,1,1,0,0,0,0,1,1,0,0,1,1
"531",2066,4,5,55,"Male",1,1,0,0,1250,1,1,0,0,1,1,1,1,1,1,1,0,0,0,0,0,0,0,1,1,0,0,0,0,1,0,0,0,0,0
"476",1886,4,1,65,"Male",1,1,0,0, 400,1,1,0,0,1,1,1,1,1,1,1,0,0,0,0,0,0,0,1,1,0,0,0,0,0,0,0,0,0,0
"570",2249,4,5,55,"Male",1,1,0,0, 550,0,0,0,0,1,1,0,0,1,1,1,0,1,1,0,0,0,0,0,0,0,0,0,0,0,0,0,0,1,1
"429",1742,4,5,45,"Male",0,0,0,0,1250,1,1,1,1,1,1,1,1,1,1,1,0,1,0,1,1,0,0,0,0,0,0,0,0,1,1,0,0,0,0
"1025",4088,1,5,35,"Male",1,1,0,1, 400,1,0,0,0,1,1,0,0,1,0,0,0,0,0,1,0,0,0,1,0,0,0,0,0,0,0,0,0,0,0
"1117",4446,4,5,35,"Male",1,1,0,0, 400,0,1,0,0,0,1,0,0,0,1,0,1,0,0,0,0,0,0,0,0,0,0,0,0,0,0,0,0,0,0
"1336",5387,4,5,45,"Female",1,1,0,0,2500,1,1,0,0,1,1,0,0,0,0,0,0,0,0,0,0,0,0,0,0,0,0,0,0,0,0,0,0,0,1
"1155",4640,2,1,45,"Female",0,0,0,0,4000,0,0,0,0,0,1,0,0,0,0,0,0,0,0,0,0,0,0,0,0,0,0,0,0,0,0,0,0,0,0
"694",2712,4,5,65,"Male",0,1,0,0, 850,1,1,0,0,1,1,0,0,1,1,1,0,0,0,0,0,0,0,0,0,0,0,1,1,0,0,0,0,0,0
"697",2721,4,5,55,"Male",1,1,0,0,1250,1,1,0,0,1,1,0,0,1,1,0,0,0,0,1,0,1,0,0,0,0,0,0,0,1,0,0,0,0,0
"182", 758,3,5,25,"Male",1,1,1,1, 850,1,1,1,1,1,1,0,0,1,1,1,0,0,0,0,0,0,0,1,1,0,0,0,0,1,1,0,0,0,0
"582",2297,4,5,45,"Male",1,1,0,0, 400,1,1,1,1,1,1,1,1,1,1,1,0,1,1,1,1,1,1,1,1,1,1,1,1,1,1,1,1,1,1
"9",  34,4,4,45,"Male",1,1,0,1, 850,1,1,1,1,1,1,0,0,1,1,1,0,1,1,0,0,0,0,1,1,1,1,0,0,0,0,1,1,1,1
"210", 899,3,5,45,"Male",1,1,0,1,1250,0,0,1,1,1,1,0,0,1,1,1,0,0,0,0,0,0,0,0,0,1,1,0,0,1,0,0,0,1,0
"35", 165,3,4,55,"Male",1,1,1,1,1250,1,1,0,0,1,1,1,1,1,1,1,0,0,0,0,0,0,0,1,1,0,0,0,0,0,0,0,0,1,1
"53", 228,2,5,35,"Male",1,1,0,1, 850,1,0,0,0,1,1,1,1,1,0,1,0,0,0,0,0,0,0,0,0,1,1,0,0,1,0,1,0,0,0
"454",1823,3,5,55,"Male",1,1,0,0,1250,1,1,1,1,1,1,0,0,1,1,1,0,1,1,0,0,0,0,1,1,0,0,0,0,0,0,0,0,1,0
"829",3300,4,3,25,"Male",1,0,0,0,4000,0,1,0,0,0,1,0,0,0,0,0,0,0,0,0,0,0,0,0,0,0,0,0,0,0,0,0,0,0,0
"24", 128,4,5,55,"Female",1,1,0,0, 850,1,0,0,0,0,0,1,1,1,1,1,0,0,0,0,0,0,0,0,0,1,0,1,0,0,0,0,0,0,0
"205", 880,1,5,45,"Female",1,1,1,1,1250,1,1,1,1,1,1,1,1,1,1,1,0,0,0,1,0,0,0,0,0,1,1,1,1,1,1,0,0,0,0
"350",1412,4,5,35,"Male",1,1,1,1,2500,1,1,0,0,1,1,1,1,1,1,1,0,0,0,0,0,0,0,1,1,0,0,1,1,0,0,0,0,0,0
"953",3840,1,5,45,"Female",1,1,0,0,1750,0,0,0,0,1,0,0,0,1,0,1,0,0,0,1,0,0,0,1,0,0,0,0,0,0,0,0,0,0,0
"138", 596,4,4,45,"Female",1,1,0,1, 400,1,1,0,0,1,1,1,1,1,1,0,0,0,0,0,0,0,0,1,1,1,1,1,1,0,0,0,0,0,0
"1160",4669,4,2,45,"Male",0,0,0,0,4000,0,0,0,0,0,1,0,0,0,0,0,0,0,0,0,0,0,0,0,0,0,0,0,0,0,0,0,0,0,0
"542",2112,4,5,65,"Male",1,1,0,0,1250,1,1,1,1,1,1,0,0,1,1,1,0,0,0,0,0,0,0,0,0,0,0,0,0,1,1,1,1,1,1
"996",3986,3,1,55,"Male",1,1,0,0,2500,0,0,1,0,0,1,0,0,0,0,0,0,0,0,0,0,0,0,0,0,0,0,0,0,0,0,0,0,0,0
"716",2799,4,2,45,"Male",1,1,0,0,2500,0,0,0,0,0,0,0,1,0,0,0,0,0,0,0,0,0,0,0,0,0,0,0,0,0,0,0,0,0,0
"840",3332,2,3,65,"Male",1,1,0,0,2500,0,0,1,1,1,1,0,0,1,1,0,0,0,0,0,0,0,0,1,1,0,0,0,0,0,0,0,0,0,1
"1066",4233,3,5,25,"Male",0,0,0,0,4000,0,0,0,0,0,1,0,0,0,0,0,1,0,0,0,0,0,0,0,0,0,0,0,0,0,0,0,0,0,0
"543",2118,4,4,55,"Male",1,1,0,0, 550,1,1,0,0,1,1,0,0,0,0,1,0,0,0,0,0,0,0,0,0,0,0,0,0,1,1,0,0,0,0
"723",2841,1,5,25,"Male",1,1,0,1, 400,1,1,1,0,1,1,0,0,1,1,0,0,0,0,0,0,0,0,1,0,1,0,0,0,0,0,0,0,0,0
"660",2593,4,5,35,"Male",1,1,0,1,5000,1,0,1,0,1,1,1,1,1,1,0,0,0,0,1,0,0,0,0,0,0,0,0,0,0,0,0,0,0,0
"945",3804,1,2,55,"Female",0,1,0,0,2500,0,0,0,0,0,1,0,0,0,0,0,1,0,0,0,0,0,0,0,0,0,0,0,0,0,0,0,0,0,1
"249",1046,3,5,45,"Female",1,1,0,0, 550,1,1,0,0,1,1,1,1,1,1,0,0,1,1,0,0,0,0,1,1,0,0,1,1,0,0,0,0,1,1
"1368",5522,4,3,55,"Male",1,1,0,0,2500,0,1,0,0,0,1,0,0,0,1,0,1,0,1,0,0,0,0,0,0,0,0,0,0,0,0,0,0,0,0
"1100",4389,4,5,35,"Male",1,1,0,0,2500,0,0,0,0,1,1,1,1,1,1,0,0,0,0,0,0,0,0,1,1,0,0,0,0,0,0,0,0,0,0
"1337",5388,4,2,65,"Male",1,0,0,0,4000,0,0,0,0,1,1,0,0,0,1,0,0,0,0,0,0,0,0,0,0,0,0,0,0,0,0,0,0,0,0
"6",  25,2,2,55,"Male",1,1,0,0,1750,1,0,0,0,1,0,0,0,0,0,0,0,0,0,0,0,0,0,1,0,0,0,0,0,0,0,0,0,0,0
"1068",4242,3,5,20,"Male",1,1,0,0,1750,0,1,0,1,0,1,0,0,0,1,0,0,0,1,0,0,0,0,0,0,0,0,0,0,0,0,0,0,0,0
"958",3857,2,4,25,"Female",1,1,0,1,1750,0,1,0,0,0,1,0,0,0,0,0,0,0,0,0,0,0,0,0,0,0,0,0,0,0,0,0,0,0,0
"833",3314,1,2,45,"Female",0,1,0,0,4000,0,0,0,0,0,1,0,0,0,0,0,0,0,0,0,0,0,0,0,0,0,0,0,0,0,0,0,0,0,0
"644",2540,4,4,55,"Male",1,1,0,1,1250,1,1,1,1,1,1,1,1,1,1,1,0,0,0,0,0,0,0,1,1,0,0,0,0,1,1,1,1,1,1
"584",2309,1,4,45,"Male",1,1,0,0,2500,1,0,0,0,0,0,0,0,0,0,0,0,0,0,0,0,0,0,0,0,0,0,0,0,0,0,0,0,0,0
"949",3821,4,4,25,"Male",1,1,0,0,2500,1,1,0,0,1,1,0,0,0,0,0,0,0,0,0,0,0,0,0,0,0,0,0,0,0,0,0,0,0,0
"1212",4849,4,4,20,"Male",0,1,0,0,4000,0,0,0,0,0,1,0,0,0,0,0,0,0,0,0,0,0,0,0,0,0,0,0,0,0,0,0,0,0,0
"297",1218,4,2,65,"Male",1,0,0,0, 400,1,1,0,0,1,1,0,0,1,1,0,0,0,0,0,0,0,0,0,0,0,0,0,0,0,0,0,0,0,0
"954",3841,1,4,45,"Female",1,1,0,0, 400,1,0,0,0,1,1,0,0,0,1,0,1,0,0,0,0,0,0,0,0,0,0,0,0,0,0,0,0,0,1
"968",3884,2,1,65,"Female",0,1,0,0,4000,0,1,0,0,0,1,0,0,0,0,0,0,0,0,0,0,0,0,0,0,0,0,0,0,0,0,0,0,0,0
"730",2901,1,5,35,"Female",1,1,0,0, 850,0,1,1,0,0,1,0,0,0,1,0,0,0,0,0,0,0,0,0,1,0,0,0,0,0,0,0,0,0,0
"59", 258,2,5,55,"Male",1,1,1,1,1250,1,0,0,0,1,1,1,1,1,1,1,0,0,0,1,0,0,0,1,1,1,1,0,0,0,0,0,0,0,0
"1018",4063,1,5,25,"Male",1,1,1,1,2500,1,0,1,0,1,1,0,0,1,0,1,0,0,0,0,0,0,0,1,0,1,0,0,0,0,0,0,0,0,0
"556",2186,3,5,35,"Male",1,1,0,0, 400,0,0,0,0,1,1,1,1,1,1,0,0,1,1,0,0,0,0,1,1,0,0,0,0,0,0,0,0,1,1
"166", 703,3,4,35,"Male",1,1,0,1, 850,1,1,1,0,1,1,0,0,1,1,1,0,0,0,0,0,0,0,1,1,0,0,1,1,0,0,0,0,0,0
"285",1190,2,5,65,"Male",1,1,0,1,5000,1,1,0,0,1,1,0,0,0,0,1,0,0,0,0,0,0,0,1,1,1,1,1,1,0,0,1,0,0,0
"490",1924,4,3,65,"Male",1,1,0,0,1250,1,1,1,1,1,1,0,0,1,1,1,0,1,1,0,0,1,1,0,0,0,0,0,0,1,1,0,0,1,1
"528",2061,4,5,65,"Male",1,1,0,1,5000,1,1,0,0,1,1,1,1,1,1,1,0,0,0,1,1,0,0,0,0,1,1,0,0,0,0,0,0,0,0
"979",3914,3,5,25,"Male",0,0,0,0,4000,1,0,0,0,0,1,0,0,0,0,0,0,0,0,0,0,0,0,0,0,0,0,0,0,0,0,0,0,0,0
"1178",4737,3,1,55,"Male",0,1,0,0,4000,0,1,0,0,0,0,0,0,0,1,0,1,0,0,0,0,0,0,0,0,0,0,0,0,0,0,0,0,0,0
"546",2131,3,5,45,"Female",1,1,0,0,2500,0,0,0,0,1,1,0,0,1,1,0,0,0,0,0,0,0,0,0,0,0,0,0,0,0,0,1,1,1,1
"1148",4591,4,5,55,"Male",1,1,0,0,1250,0,1,0,0,1,1,0,0,1,1,0,0,0,0,0,0,0,0,0,1,0,0,0,0,0,0,0,0,1,0
"116", 516,4,5,45,"Male",1,1,0,0, 850,1,1,1,0,0,0,0,0,1,1,1,0,0,0,0,0,0,0,1,1,1,1,0,0,0,0,0,0,0,0
"426",1737,3,5,45,"Female",1,1,0,1, 850,1,1,0,0,0,0,0,0,0,0,1,0,0,0,0,0,0,0,0,0,0,0,0,0,0,0,0,0,0,0
"632",2493,4,5,45,"Male",1,1,1,1,5000,1,0,0,0,1,1,0,0,1,1,0,0,0,0,0,0,0,0,1,1,0,0,0,0,0,0,0,0,0,0
"445",1800,3,5,35,"Male",1,1,0,0,1750,0,0,0,0,1,1,0,0,0,0,0,0,0,0,1,0,0,0,1,1,0,0,0,0,0,0,0,0,0,0
"1342",5400,3,5,45,"Female",1,1,0,0,2500,0,1,0,1,0,1,0,0,0,1,0,1,0,0,0,0,0,0,0,0,0,0,0,0,0,0,0,0,0,0
"611",2426,3,5,35,"Male",1,1,0,0,1250,0,0,0,0,1,0,1,1,1,1,0,0,1,1,1,0,0,0,1,1,0,0,0,0,0,0,0,0,0,0
"662",2598,4,4,45,"Male",1,1,0,1,2500,1,1,0,0,0,0,0,0,1,1,0,0,0,0,0,0,0,0,0,0,0,0,0,0,0,0,0,0,0,0
"302",1240,4,3,45,"Male",1,1,0,0, 550,0,0,0,0,1,1,0,0,1,1,1,0,0,0,0,0,1,1,0,0,0,0,0,0,0,0,1,1,1,1
"1284",5184,4,5,45,"Male",1,1,0,1, 850,1,1,1,0,0,1,0,0,0,1,0,0,0,0,0,0,0,0,0,0,0,0,0,0,0,0,0,0,0,1
"941",3776,1,5,35,"Female",0,0,0,1,1750,0,0,0,0,1,1,0,0,0,0,1,0,0,0,0,0,0,0,1,0,0,0,0,0,0,0,0,0,0,1
"678",2658,3,5,35,"Male",1,1,0,1,1250,0,0,0,0,0,0,0,0,0,0,0,0,0,0,0,0,0,0,0,0,0,0,0,0,0,0,0,0,0,0
"164", 699,4,5,35,"Female",1,1,0,0,2500,1,1,1,1,1,1,0,0,1,1,1,0,0,0,0,0,0,0,1,0,0,0,0,0,1,0,0,0,1,0
"150", 634,4,5,55,"Male",1,1,0,0, 850,1,1,0,0,1,0,0,0,1,0,1,0,0,0,0,0,0,0,0,0,0,0,0,0,0,0,1,1,0,0
"654",2573,4,5,65,"Male",1,1,0,1, 850,1,1,0,0,1,1,0,0,1,1,0,0,0,0,0,0,0,0,1,1,1,1,0,0,0,0,0,0,0,0
"257",1078,3,5,65,"Male",1,1,0,0,5000,1,1,0,0,1,1,0,0,1,1,1,0,0,0,0,0,0,0,1,1,1,1,0,0,0,0,0,0,1,1
"1278",5159,4,2,55,"Male",1,0,0,0,1750,0,1,0,0,0,1,0,0,0,0,0,0,0,0,0,0,0,0,0,0,0,0,0,0,0,0,0,0,0,0
"1217",4880,4,5,45,"Female",0,1,0,0,1750,1,0,0,0,0,0,0,0,0,0,0,0,0,0,0,0,0,0,0,0,0,0,0,0,0,0,0,0,0,0
"1085",4317,3,5,35,"Female",0,1,0,0,4000,0,1,0,0,0,1,0,0,0,0,0,1,0,0,0,0,0,0,0,0,0,0,0,0,0,0,0,0,1,0
"708",2768,4,1,65,"Female",1,1,0,0, 550,0,1,0,1,0,1,0,1,0,1,0,1,0,0,0,0,0,0,0,1,0,0,0,0,0,0,0,0,0,0
"409",1691,2,5,55,"Male",1,1,1,1,5000,0,0,1,0,1,1,0,0,1,1,1,0,1,0,0,0,1,0,1,0,1,0,0,0,1,0,0,0,0,0
"860",3424,2,5,45,"Female",0,1,0,0,2500,0,1,0,0,0,0,0,0,0,1,0,1,0,0,0,0,0,0,0,1,0,0,0,0,0,0,0,0,0,0
"617",2447,4,5,45,"Male",1,1,1,1,1250,1,1,1,0,1,1,1,1,1,1,0,0,1,1,1,1,0,0,1,0,0,0,0,0,0,0,0,0,0,0
"357",1441,4,5,45,"Female",1,1,0,0, 400,0,0,1,0,1,0,0,0,1,0,1,0,1,0,1,0,0,0,0,0,0,0,0,0,1,0,0,0,1,0
"263",1107,3,4,45,"Male",1,1,0,1, 850,1,1,1,1,1,1,0,0,1,1,1,0,0,0,0,0,0,0,1,0,0,0,0,0,1,0,0,0,1,0
"30", 143,4,3,35,"Male",1,1,0,0, 400,1,1,0,0,1,1,1,1,0,0,1,0,0,0,0,0,0,0,0,0,0,0,0,0,1,0,0,0,1,1
"749",2975,4,4,55,"Female",1,1,0,0,4000,0,1,0,0,0,1,0,0,0,0,0,0,0,0,0,0,0,0,0,0,0,0,0,0,0,0,0,0,0,0
"1209",4841,3,2,45,"Male",1,0,0,0,4000,0,0,0,1,0,1,0,0,0,0,0,0,0,0,0,0,0,0,0,0,0,0,0,0,0,0,0,0,0,0
"1231",4951,1,5,35,"Female",1,1,0,0,2500,0,0,0,0,1,1,0,0,1,0,0,0,0,0,0,0,0,0,1,1,0,0,0,0,0,0,0,0,0,0
"1109",4411,4,4,25,"Female",1,1,0,1,4000,1,0,0,0,0,1,0,0,0,1,0,0,0,0,0,0,0,0,0,1,0,0,0,0,0,0,0,0,0,0
"10",  42,3,5,45,"Male",1,1,0,1,5000,1,1,1,1,1,1,0,0,1,1,0,0,0,0,0,0,0,0,1,1,0,0,0,0,0,0,0,0,1,1
"1250",5035,4,1,65,"Female",0,0,0,0,4000,0,1,0,0,1,1,0,0,0,0,0,0,0,0,0,0,0,0,0,0,0,0,0,0,0,0,0,0,0,0
"163", 690,3,5,55,"Female",1,1,1,1,5000,1,1,1,0,0,0,1,0,0,0,1,0,0,0,0,0,0,0,1,0,0,0,1,0,0,0,0,0,0,0
"800",3175,3,5,25,"Male",1,1,0,0, 400,1,1,1,0,1,1,0,0,0,1,0,0,0,0,0,0,0,0,1,1,0,0,0,0,0,0,0,0,0,0
"1365",5500,4,5,55,"Female",1,1,0,0, 400,0,0,1,0,0,1,0,0,1,1,0,0,1,1,0,0,0,0,0,0,0,0,0,0,0,0,0,0,0,0
"127", 552,4,4,35,"Male",1,1,1,1,1250,1,1,0,0,1,1,1,1,1,1,1,0,0,0,0,0,0,0,1,1,1,1,1,1,0,0,0,0,1,1
"743",2955,3,4,25,"Female",0,0,0,0,1750,1,0,1,0,1,1,1,0,1,0,0,0,1,0,1,0,0,0,1,0,1,0,1,0,0,0,0,0,0,0
"640",2509,4,5,35,"Male",1,1,1,1,1250,1,0,0,0,1,0,1,0,1,0,0,0,0,0,0,0,0,0,1,0,1,0,0,0,0,0,0,0,1,0
"252",1059,4,3,65,"Female",0,1,0,0, 550,1,1,0,0,1,1,1,1,1,1,1,0,0,0,0,0,0,0,1,0,1,0,1,0,0,0,0,0,0,0
"187", 785,4,5,55,"Male",1,1,0,0,2500,1,1,0,0,1,1,1,1,1,0,1,0,0,0,0,0,0,0,0,0,0,0,0,0,0,0,0,0,0,0
"126", 551,3,5,25,"Male",1,1,1,1,1250,0,0,1,0,1,1,0,0,1,1,1,0,0,0,0,0,0,0,1,1,0,0,0,0,1,0,1,0,0,0
"1161",4673,4,2,45,"Male",0,0,0,0,4000,1,0,0,0,0,0,0,0,0,0,0,0,0,0,0,0,0,0,0,0,0,0,0,0,0,0,0,0,0,0
"1073",4267,3,5,25,"Male",1,1,1,1, 400,0,1,1,0,1,1,0,0,1,1,0,1,0,0,0,0,0,0,0,0,0,0,0,0,0,1,0,0,0,0
"312",1278,3,5,35,"Male",1,1,1,1, 850,1,0,1,0,1,1,0,0,1,1,1,0,0,0,1,0,0,0,1,1,1,0,0,0,0,0,0,0,0,0
"783",3113,4,2,55,"Male",0,0,0,0, 850,1,0,0,0,0,0,0,0,0,0,0,0,0,0,0,0,0,0,0,0,0,0,0,0,0,0,0,0,0,0
"938",3760,2,5,55,"Male",1,1,1,1, 850,1,1,0,0,0,1,0,0,0,0,0,1,0,0,0,0,0,0,0,0,0,0,0,0,0,0,0,0,0,0
"619",2451,3,4,25,"Female",1,1,0,0, 550,1,1,1,1,1,1,1,1,1,1,0,0,0,0,1,0,0,0,0,0,0,0,0,0,1,1,1,1,1,1
"625",2473,4,5,55,"Male",1,1,0,1,1250,1,1,0,0,1,1,1,1,1,1,0,0,0,0,0,0,0,0,1,1,1,1,0,0,1,0,0,0,0,0
"696",2719,3,5,55,"Male",1,1,1,1,5000,1,0,1,0,1,1,1,1,1,1,0,0,0,0,0,0,0,0,1,0,0,0,0,0,0,0,0,0,0,0
"554",2180,3,5,55,"Male",1,1,0,1, 850,1,0,0,0,1,1,1,1,1,1,1,0,0,0,0,0,0,0,1,1,0,0,0,0,1,0,0,0,0,0
"541",2110,3,5,45,"Female",1,1,0,0, 400,1,1,0,0,1,1,1,1,1,1,0,0,1,1,0,0,0,0,0,0,0,0,0,0,0,0,0,0,0,0
"1046",4170,3,5,25,"Male",1,0,0,1,4000,1,0,0,0,0,1,0,0,0,0,0,0,0,0,0,0,0,0,0,0,0,0,0,0,0,0,0,0,0,0
"768",3038,1,5,55,"Female",1,1,0,1, 400,0,0,1,0,1,1,1,0,1,1,1,0,0,0,0,0,1,0,1,0,1,0,0,0,0,0,1,0,0,0
"2",   3,4,5,65,"Male",1,1,0,1,1250,1,1,0,0,0,0,0,0,1,1,1,0,0,0,0,0,0,0,0,0,0,0,0,0,0,0,0,0,0,0
"845",3359,3,3,45,"Male",1,0,0,0,2500,0,1,0,0,0,1,0,0,0,1,0,0,0,0,0,0,0,0,0,0,0,0,0,0,0,0,0,0,0,0
"1271",5125,4,5,55,"Female",0,1,0,0,1750,0,1,0,0,0,1,0,1,0,1,0,0,0,0,0,0,0,0,0,1,0,0,0,0,0,0,0,0,0,1
"1252",5047,4,4,25,"Female",0,1,0,0,1750,0,0,0,0,0,1,0,0,0,1,0,0,0,0,0,0,0,0,0,0,0,0,0,0,0,0,0,0,0,0
"190", 794,4,5,45,"Male",1,1,1,1,5000,1,1,1,1,1,1,1,1,1,1,1,0,0,0,0,0,0,0,1,1,0,0,1,1,0,0,0,0,1,1
"683",2674,4,5,55,"Male",1,1,0,0, 850,0,0,0,0,1,0,0,0,1,0,0,0,0,0,0,0,0,0,0,0,0,0,0,0,0,0,1,1,0,0
"411",1695,4,5,35,"Male",1,1,0,1, 850,0,0,1,1,0,0,1,1,1,1,1,0,1,1,0,0,0,0,0,0,0,0,0,0,0,0,0,0,1,1
"1077",4285,4,2,65,"Male",1,1,0,0,4000,1,0,0,0,0,1,0,0,0,0,0,0,0,0,1,0,0,0,0,0,0,0,0,0,1,0,1,0,0,1
"739",2943,3,5,45,"Male",1,1,0,0,2500,0,1,0,0,0,1,0,0,0,1,0,1,0,0,0,0,0,0,0,1,0,0,0,0,0,0,0,0,0,0
"1053",4196,4,5,25,"Female",1,1,0,0,4000,0,1,1,0,0,1,0,0,0,1,0,0,0,0,0,0,0,0,0,0,0,0,0,0,0,0,0,1,1,0
"1027",4091,4,5,45,"Female",0,1,0,0,1750,0,1,0,0,0,1,0,0,0,0,0,0,0,0,0,0,0,0,0,0,0,0,0,0,0,0,0,0,0,0
"197", 831,4,5,45,"Female",0,1,0,0,1250,1,1,0,0,1,1,0,0,1,1,1,0,0,0,1,0,0,0,1,0,0,0,1,0,0,0,0,0,0,0
"721",2832,3,4,25,"Female",1,1,0,0,2500,1,1,0,0,1,1,0,0,1,1,0,0,0,0,0,0,0,0,1,1,0,0,0,0,0,0,0,0,0,0
"301",1238,4,5,65,"Female",0,1,0,0, 400,1,1,0,0,1,1,1,1,1,1,1,0,0,0,0,0,0,0,1,1,1,1,0,0,0,0,0,0,0,0
"623",2467,4,5,65,"Male",1,1,0,0, 850,1,1,0,0,1,1,1,1,1,1,1,0,0,0,0,0,0,0,1,1,0,0,0,0,0,0,0,0,0,0
"103", 463,3,2,35,"Male",1,0,0,0,2500,0,0,0,0,1,1,1,1,0,0,0,0,0,0,1,0,0,0,1,1,1,1,0,0,0,0,0,0,0,0
"659",2592,4,4,45,"Female",1,1,0,0, 850,1,1,0,0,0,0,1,1,1,1,0,0,0,0,0,0,0,0,1,1,0,0,1,1,0,0,0,0,0,0
"1312",5302,4,3,55,"Female",0,0,0,0,1750,1,0,0,0,0,0,0,0,0,0,0,0,0,0,0,0,0,0,0,0,0,0,0,0,0,0,0,0,0,0
"502",1984,4,5,55,"Male",1,1,0,1,1250,1,1,0,0,1,1,0,0,1,1,1,0,0,0,0,0,0,0,1,1,1,1,0,0,0,0,0,0,0,0
"22", 115,3,3,55,"Male",1,1,1,1,5000,1,0,1,0,1,1,1,1,1,1,1,0,0,0,0,0,0,0,1,1,1,1,0,0,0,0,0,0,0,0
"358",1452,4,5,55,"Male",1,1,0,0,5000,1,1,1,1,1,1,1,1,1,1,1,0,0,0,0,0,0,0,1,1,1,1,0,0,0,0,0,0,1,1
"254",1074,4,5,65,"Male",1,1,0,1,1250,1,1,1,1,1,1,1,1,1,1,1,0,0,0,0,0,1,1,1,1,0,0,0,0,1,1,0,0,1,1
"339",1377,2,5,45,"Male",1,1,0,0, 850,1,1,0,0,1,1,0,0,1,1,1,0,0,0,0,0,0,0,1,1,1,1,0,0,0,0,0,0,0,0
"1280",5167,4,4,45,"Male",1,1,0,0,2500,0,0,0,0,0,1,0,0,0,0,0,0,0,0,0,0,0,0,0,1,0,0,0,0,0,0,0,0,0,0
"1076",4283,3,4,35,"Female",1,0,0,0,4000,1,0,0,0,1,1,0,0,0,0,0,0,0,0,0,0,0,0,0,0,0,0,0,0,0,0,0,0,0,0
"642",2526,4,5,45,"Male",1,1,0,0, 400,1,1,1,0,1,1,0,0,1,1,0,0,0,0,0,0,0,0,1,1,1,0,0,0,1,0,0,0,0,0
"1359",5481,2,5,35,"Female",1,1,1,1,2500,1,1,1,1,1,1,1,0,1,1,1,1,0,0,0,0,0,0,1,0,0,0,0,0,0,0,0,0,0,1
"667",2625,4,5,65,"Female",1,1,0,0,1250,1,1,1,1,1,1,0,0,1,1,0,0,0,0,0,0,0,0,1,1,0,0,0,0,1,1,0,0,0,0
"785",3123,2,4,25,"Male",1,1,0,0,1750,0,0,1,0,0,1,0,0,0,0,0,0,0,1,0,0,0,0,0,0,0,0,0,0,0,0,0,0,0,0
"34", 160,3,5,45,"Female",1,1,0,1, 400,0,0,0,0,1,1,0,0,1,1,1,0,0,0,0,0,0,0,0,0,1,0,0,0,0,0,0,0,0,0
"734",2915,3,3,55,"Male",1,1,0,0, 850,1,1,0,0,1,1,0,0,0,1,0,0,0,0,0,0,0,0,0,0,0,0,0,0,0,0,0,0,0,0
"447",1804,3,5,45,"Male",1,1,0,0,1250,1,1,0,0,1,1,1,1,1,1,1,0,0,0,0,0,0,0,1,1,0,0,0,0,0,0,1,1,1,1
"1048",4180,4,5,45,"Female",1,1,0,0,2500,0,1,0,0,0,0,0,1,0,1,0,1,0,0,1,0,1,0,0,1,0,1,0,0,1,0,1,0,1,0
"1022",4079,2,2,25,"Female",0,1,0,0,1750,0,1,0,0,0,1,0,0,0,0,0,0,0,0,0,0,0,0,0,0,0,0,0,0,0,0,0,0,0,1
"1205",4829,3,5,35,"Male",1,1,0,0, 850,0,0,0,1,0,1,0,0,0,0,1,0,0,0,0,0,0,0,1,0,0,0,0,0,0,0,0,0,0,0
"274",1141,4,5,55,"Male",1,1,0,1,1250,1,1,1,1,1,1,1,1,1,1,1,0,1,1,0,0,0,0,1,1,0,0,0,0,1,1,1,1,1,1
"1343",5401,3,3,55,"Male",1,1,0,0,2500,0,0,0,0,0,0,0,0,1,1,0,0,0,0,0,0,0,0,0,0,0,0,0,0,0,0,0,0,0,1
"658",2584,4,5,25,"Female",1,1,1,1, 850,1,1,1,1,0,0,1,1,1,1,1,0,0,0,0,0,0,0,0,0,1,1,0,0,0,0,0,0,1,1
"663",2602,4,5,45,"Male",1,1,1,1,5000,1,1,0,0,0,0,1,1,1,1,1,0,0,0,1,0,0,0,1,1,0,0,0,0,1,0,0,0,0,0
"686",2683,3,5,55,"Male",1,1,1,0,5000,0,0,1,1,1,1,0,0,1,1,0,0,0,0,0,0,0,0,1,1,0,0,0,0,0,0,0,0,1,1
"1219",4901,3,5,25,"Female",0,0,0,0,1750,0,1,0,0,1,1,0,0,0,0,0,0,0,0,0,0,0,0,0,0,0,0,0,0,0,0,0,0,0,0
"1292",5207,4,4,55,"Male",0,1,0,0, 550,0,1,0,0,0,0,0,1,0,0,0,0,0,0,0,0,0,0,0,0,0,0,0,0,0,0,0,0,0,0
"639",2507,4,3,55,"Female",1,1,0,0,1250,1,1,0,0,0,0,0,0,1,1,0,0,0,0,0,0,1,0,0,0,0,0,0,0,0,0,0,0,0,0
"957",3851,1,5,35,"Male",1,1,0,0, 550,1,0,1,0,1,1,0,0,1,0,1,0,0,0,0,0,0,0,1,0,0,0,0,0,0,0,0,0,0,0
"1276",5148,1,2,35,"Male",0,0,0,0,4000,0,0,0,0,0,1,0,0,0,0,0,0,0,0,0,0,1,0,0,0,0,0,0,0,0,0,0,0,0,0
"902",3616,3,4,35,"Female",1,0,0,0, 850,0,0,0,0,0,1,0,0,0,1,0,0,0,0,0,0,0,0,0,0,0,0,0,0,0,0,0,0,0,0
"1055",4199,4,5,35,"Female",0,0,0,0,2500,0,1,0,1,0,1,0,0,0,1,0,0,0,1,0,0,0,0,0,0,0,0,0,0,0,0,0,0,0,1
"636",2503,4,5,55,"Male",1,1,1,1, 550,1,0,1,0,1,1,0,0,1,1,0,0,0,0,0,0,0,0,0,0,0,0,0,0,0,0,0,0,1,1
"515",2024,4,2,45,"Male",1,1,0,0,1750,1,1,0,0,1,1,0,0,1,1,1,0,0,0,0,0,0,0,1,0,0,0,0,0,0,0,0,0,1,0
"442",1794,4,5,45,"Male",1,1,0,0,1250,0,0,1,1,1,1,0,0,1,1,1,0,0,0,0,0,0,0,1,1,0,0,0,0,1,1,0,0,1,1
"408",1674,3,4,55,"Female",1,1,0,0, 400,1,0,0,0,1,0,1,1,1,0,0,0,0,0,0,0,0,0,1,0,1,1,0,0,0,0,0,0,0,0
"152", 642,1,5,55,"Female",1,1,0,0, 550,1,0,1,1,1,0,0,0,1,1,1,0,0,0,0,0,0,0,0,0,0,0,0,0,0,0,0,0,0,0
"242",1022,3,5,45,"Male",1,1,0,1, 850,1,1,0,0,1,1,1,1,1,1,1,0,0,0,0,0,0,0,1,1,1,1,1,0,0,0,0,0,0,0
